<?xml version="1.0"?>
<!--
/**
 * Mageplaza
 *
 * NOTICE OF LICENSE
 *
 * This source file is subject to the Mageplaza.com license that is
 * available through the world-wide-web at this URL:
 * https://www.mageplaza.com/LICENSE.txt
 *
 * DISCLAIMER
 *
 * Do not edit or add to this file if you wish to upgrade this extension to newer
 * version in the future.
 *
 * @category    Mageplaza
 * @package     Mageplaza_CustomForm
 * @copyright   Copyright (c) Mageplaza (https://www.mageplaza.com/)
 * @license     https://www.mageplaza.com/LICENSE.txt
 */
-->
<config xmlns:xsi="http://www.w3.org/2001/XMLSchema-instance" xsi:noNamespaceSchemaLocation="urn:magento:framework:ObjectManager/etc/config.xsd">
    <type name="Magento\Ui\Model\Export\MetadataProvider">
        <arguments>
            <argument name="data" xsi:type="array">
                <item name="mageplaza_custom_form_form_listing" xsi:type="array">
                    <item name="created_at" xsi:type="string">created_at</item>
                </item>
                <item name="mageplaza_custom_form_responses_listing" xsi:type="array">
                    <item name="created_at" xsi:type="string">created_at</item>
                </item>
            </argument>
        </arguments>
    </type>
    <type name="Magento\Ui\Model\Export\MetadataProvider">
        <plugin name="mp_custom_form_export" type="Mageplaza\CustomForm\Plugin\Export\MetadataProvider"/>
    </type>
</config>
