<?xml version="1.0"?>
<!--
/**
 * Mageplaza
 *
 * NOTICE OF LICENSE
 *
 * This source file is subject to the Mageplaza.com license that is
 * available through the world-wide-web at this URL:
 * https://www.mageplaza.com/LICENSE.txt
 *
 * DISCLAIMER
 *
 * Do not edit or add to this file if you wish to upgrade this extension to newer
 * version in the future.
 *
 * @category    Mageplaza
 * @package     Mageplaza_CustomForm
 * @copyright   Copyright (c) Mageplaza (https://www.mageplaza.com/)
 * @license     https://www.mageplaza.com/LICENSE.txt
 */
-->
<config xmlns:xsi="http://www.w3.org/2001/XMLSchema-instance" xsi:noNamespaceSchemaLocation="urn:magento:module:Magento_Config:etc/system_file.xsd">
    <system>
        <section id="mp_custom_form" translate="label" type="text" sortOrder="300" showInDefault="1" showInWebsite="1" showInStore="1">
            <class>separator-top</class>
            <label>Custom Form</label>
            <tab>mageplaza</tab>
            <resource>Mageplaza_CustomForm::configuration</resource>
            <group id="general" translate="label" type="text" sortOrder="1" showInDefault="1" showInWebsite="1" showInStore="1">
                <label>General</label>
                <field id="enabled" translate="label comment" type="select" sortOrder="2" showInDefault="1" showInWebsite="1" showInStore="1" canRestore="1">
                    <label>Enable</label>
                    <source_model>Magento\Config\Model\Config\Source\Yesno</source_model>
                    <comment><![CDATA[Select <strong>Yes</strong> to enable the module.]]></comment>
                </field>
            </group>
            <group id="customer_notification" translate="label" showInDefault="1" sortOrder="10" showInWebsite="1" showInStore="1">
                <label>Customer Notification</label>
                <field id="enabled" translate="label comment" type="select" sortOrder="10" showInDefault="1" showInWebsite="1" showInStore="1" canRestore="1">
                    <label>Enable Auto Response</label>
                    <source_model>Magento\Config\Model\Config\Source\Yesno</source_model>
                    <comment>
                        <![CDATA[Install <a href="https://www.mageplaza.com/magento-2-smtp/?utm_source=mageplaza&utm_medium=mageplaza&utm_campaign=mageplaza-review&utm_content=SMTP">Mageplaza SMTP</a> to avoid sending email to spam box.]]>
                    </comment>
                </field>
                <field id="sender" translate="label" type="select" sortOrder="20" showInDefault="1" showInWebsite="1" showInStore="1" canRestore="1">
                    <label>Sender</label>
                    <source_model>Magento\Config\Model\Config\Source\Email\Identity</source_model>
                </field>
                <field id="email_template" translate="label comment" type="select" sortOrder="30" showInDefault="1" showInWebsite="1" showInStore="1" canRestore="1">
                    <label>Email Template</label>
                    <source_model>Magento\Config\Model\Config\Source\Email\Template</source_model>
                </field>
                <field id="customer_attach_file" translate="label comment" type="select" sortOrder="40" showInDefault="1" showInWebsite="1" showInStore="1" canRestore="1">
                    <label>Attach Uploads File to Email</label>
                    <source_model>Magento\Config\Model\Config\Source\Yesno</source_model>
                    <comment>
                        <![CDATA[If yes, will attach uploaded files to the notification email sent to the customer.]]>
                    </comment>
                </field>
            </group>
            <group id="admin_notification" translate="label" showInDefault="1" sortOrder="20" showInWebsite="1" showInStore="1">
                <label>Admin Notification</label>
                <field id="enabled" translate="label comment" type="select" sortOrder="10" showInDefault="1" showInWebsite="1" showInStore="1" canRestore="1">
                    <label>Enable</label>
                    <source_model>Magento\Config\Model\Config\Source\Yesno</source_model>
                    <comment>
                        <![CDATA[Install <a href="https://www.mageplaza.com/magento-2-smtp/?utm_source=mageplaza&utm_medium=mageplaza&utm_campaign=mageplaza-review&utm_content=SMTP">Mageplaza SMTP</a> to avoid sending email to spam box.]]></comment>
                </field>
                <field id="send_to" translate="label comment" type="textarea" sortOrder="20" showInDefault="1" showInWebsite="1" showInStore="1">
                    <label>Send To</label>
                    <comment>Separated by comma(,).</comment>
                    <backend_model>Mageplaza\CustomForm\Model\Config\Backend\Email</backend_model>
                </field>
                <field id="sender" translate="label" type="select" sortOrder="20" showInDefault="1" showInWebsite="1" showInStore="1" canRestore="1">
                    <label>Sender</label>
                    <source_model>Magento\Config\Model\Config\Source\Email\Identity</source_model>
                </field>
                <field id="email_template" translate="label comment" type="select" sortOrder="30" showInDefault="1" showInWebsite="1" showInStore="1" canRestore="1">
                    <label>Email Template</label>
                    <source_model>Magento\Config\Model\Config\Source\Email\Template</source_model>
                </field>
                <field id="send_to_cc" translate="label comment" type="textarea" sortOrder="40" showInDefault="1" showInWebsite="1" showInStore="1">
                    <label>CC to Emails</label>
                    <comment>Comma-separated.</comment>
                    <backend_model>Mageplaza\CustomForm\Model\Config\Backend\Email</backend_model>
                </field>
                <field id="send_to_bcc" translate="label comment" type="textarea" sortOrder="50" showInDefault="1" showInWebsite="1" showInStore="1">
                    <label>BCC to Emails</label>
                    <comment>Comma-separated.</comment>
                    <backend_model>Mageplaza\CustomForm\Model\Config\Backend\Email</backend_model>
                </field>
                <field id="admin_attach_file" translate="label comment" type="select" sortOrder="60" showInDefault="1" showInWebsite="1" showInStore="1" canRestore="1">
                    <label>Attach Uploads File to Email</label>
                    <source_model>Magento\Config\Model\Config\Source\Yesno</source_model>
                    <comment>
                        <![CDATA[If yes, will attach uploaded files to the notification email sent to the admin.]]>
                    </comment>
                </field>
            </group>
            <group id="google_map" translate="label" showInDefault="1" sortOrder="30" showInWebsite="1" showInStore="1">
                <label>Google Map</label>
                <field id="api_key" translate="label comment" type="obscure" sortOrder="10" showInDefault="1">
                    <backend_model>Magento\Config\Model\Config\Backend\Encrypted</backend_model>
                    <label>API Key</label>
                </field>
            </group>
        </section>
    </system>
</config>
