<?xml version="1.0" encoding="UTF-8"?>
<!--
/**
 * routes
 *
 * @copyright Copyright © 2020 magesolution. All rights reserved.
 * @author    @copyright Copyright (c) 2014 magesolution (<https://www.magesolution.com>)
 * @license <https://www.magesolution.com/license-agreement.html>
 * @Author: ndthien0912<ndthien0912@gmail.com>
 * @github: <https://github.com/magesolution>
 */
-->
<config xmlns:xsi="http://www.w3.org/2001/XMLSchema-instance" xsi:noNamespaceSchemaLocation="urn:magento:framework:App/etc/routes.xsd">
    <router id="admin">
        <route id="onestepchekout" frontName="onestepcheckout">
            <module name="MGS_OSCheckout"/>
        </route>
    </router>
</config>
