<?xml version="1.0"?>
<!--
/**
 * BSS Commerce Co.
 *
 * NOTICE OF LICENSE
 *
 * This source file is subject to the EULA
 * that is bundled with this package in the file LICENSE.txt.
 * It is also available through the world-wide-web at this URL:
 * http://bsscommerce.com/Bss-Commerce-License.txt
 *
 * @category   BSS
 * @package    Bss_CustomerApproval
 * @author     Extension Team
 * @copyright  Copyright (c) 2017-2018 BSS Commerce Co. ( http://bsscommerce.com )
 * @license    http://bsscommerce.com/Bss-Commerce-License.txt
 */
 -->
<config xmlns:xsi="http://www.w3.org/2001/XMLSchema-instance" xsi:noNamespaceSchemaLocation="urn:magento:module:Magento_Config:etc/system_file.xsd">
    <system>
        <tab id="bss" translate="label" sortOrder="300">
            <label><![CDATA[Bss Commerce]]></label>
        </tab>
        <section id="customer_approval" translate="label" sortOrder="22" showInDefault="1" showInWebsite="1" showInStore="1">
            <class>separator-top</class>
            <label>Customer Approval</label>
            <tab>bss</tab>
            <resource>Bss_CustomerApproval::config_customerapproval</resource>
            <group id="general" translate="label" type="text" sortOrder="1" showInDefault="1" showInWebsite="1" showInStore="1">
                <label>General Configuration</label>
                <field id="enable" translate="label" type="select" sortOrder="2" showInDefault="1" showInWebsite="1" showInStore="0">
                    <label>Enabled</label>
                    <source_model>Magento\Config\Model\Config\Source\Yesno</source_model>
                    <comment><![CDATA[Version 1.1.5]]></comment>
                </field>
                <field id="auto_approval" translate="label" type="select" sortOrder="3" showInDefault="1" showInWebsite="1" showInStore="1">
                    <label>Auto Approve Accounts</label>
                    <source_model>Magento\Config\Model\Config\Source\Yesno</source_model>
                    <comment>Auto approve accounts when customer register.</comment>
                </field>
                <field id="pending_message" translate="label" type="text" sortOrder="4" showInDefault="1" showInWebsite="1" showInStore="1">
                    <label>Pending Message</label>
                </field>
                <field id="disapprove_message" translate="label" type="text" sortOrder="5" showInDefault="1" showInWebsite="1" showInStore="1">
                    <label>Disapproval Message</label>
                </field>
            </group>
            <group id="admin_notification" translate="label" type="text" sortOrder="2" showInDefault="1" showInWebsite="1" showInStore="1">
                <label>Admin Email Settings</label>
                <field id="admin_notification_enable" translate="label" type="select" sortOrder="2" showInDefault="1" showInWebsite="1" showInStore="1">
                    <label>Enabled</label>
                    <source_model>Magento\Config\Model\Config\Source\Yesno</source_model>
                </field>
                <field id="admin_email_sender" translate="label" type="select" sortOrder="3" showInDefault="1" showInWebsite="1" showInStore="1">
                    <label>Email Sender</label>
                    <source_model>Magento\Config\Model\Config\Source\Email\Identity</source_model>
                    <depends>
                        <field id="customer_approval/admin_notification/admin_notification_enable" separator=",">1</field>
                    </depends>
                </field>
                <field id="admin_recipeints" translate="label" type="text" sortOrder="4" showInDefault="1" showInWebsite="1" showInStore="1">
                    <label>Recipients</label>
                    <comment>Email recipients, separated by commas.</comment>
                    <depends>
                        <field id="customer_approval/admin_notification/admin_notification_enable" separator=",">1</field>
                    </depends>
                </field>
                <field id="admin_email_templates" translate="label" type="select" sortOrder="3" showInDefault="1" showInWebsite="1" showInStore="1">
                    <label>Email Templates</label>
                    <source_model>Magento\Config\Model\Config\Source\Email\Template</source_model>
                    <comment>Email template chosen based on theme fallback when "Default" option is selected.</comment>
                    <depends>
                        <field id="customer_approval/admin_notification/admin_notification_enable" separator=",">1</field>
                    </depends>
                </field>
            </group>
            <group id="email_setting" translate="label" type="text" sortOrder="3" showInDefault="1" showInWebsite="1" showInStore="1">
                <label>Customer Email Setting</label>
                <field id="customer_email_enable" translate="label" type="select" sortOrder="2" showInDefault="1" showInWebsite="1" showInStore="1">
                    <label>Enabled</label>
                    <source_model>Magento\Config\Model\Config\Source\Yesno</source_model>
                </field>
                <field id="customer_email_sender" translate="label" type="select" sortOrder="3" showInDefault="1" showInWebsite="1" showInStore="1">
                    <label>Email Sender</label>
                    <source_model>Magento\Config\Model\Config\Source\Email\Identity</source_model>
                    <depends>
                        <field id="customer_approval/email_setting/customer_email_enable" separator=",">1</field>
                    </depends>
                </field>
                <field id="customer_approve_templates" translate="label" type="select" sortOrder="4" showInDefault="1" showInWebsite="1" showInStore="1">
                    <label>Approval Email Templates</label>
                    <source_model>Magento\Config\Model\Config\Source\Email\Template</source_model>
                    <comment>Email template chosen based on theme fallback when "Default" option is selected.</comment>
                    <depends>
                        <field id="customer_approval/email_setting/customer_email_enable" separator=",">1</field>
                    </depends>
                </field>
                <field id="customer_disapprove_templates" translate="label" type="select" sortOrder="5" showInDefault="1" showInWebsite="1" showInStore="1">
                    <label>Disapproval Email Templates</label>
                    <source_model>Magento\Config\Model\Config\Source\Email\Template</source_model>
                    <comment>Email template chosen based on theme fallback when "Default" option is selected.</comment>
                    <depends>
                        <field id="customer_approval/email_setting/customer_email_enable" separator=",">1</field>
                    </depends>
                </field>
            </group>
        </section>
    </system>
</config>
