<?xml version="1.0"?>
<!--
/**
 * Copyright © 2015 Magento. All rights reserved.
 * See COPYING.txt for license details.
 */
-->
<config xmlns:xsi="http://www.w3.org/2001/XMLSchema-instance" xsi:noNamespaceSchemaLocation="urn:magento:framework:Acl/etc/acl.xsd">
    <acl>
        <resources>
			<resource id="Magento_Backend::admin">
				<resource id="Magento_Backend::mgs">
					<resource id="MGS_Promobanners::promobanners" title="Promo Banners" sortOrder="100">
						<resource id="MGS_Promobanners::manage" title="Manage Banners" sortOrder="10">
							<resource id="MGS_Promobanners::save" title="Save Item" sortOrder="10" />
							<resource id="MGS_Promobanners::delete" title="Delete Item" sortOrder="20" />
						</resource>
					</resource>
				</resource>
            </resource>
        </resources>
    </acl>
</config>
