<?xml version="1.0"?>
<!--
/**
 * BSS Commerce Co.
 *
 * NOTICE OF LICENSE
 *
 * This source file is subject to the EULA
 * that is bundled with this package in the file LICENSE.txt.
 * It is also available through the world-wide-web at this URL:
 * http://bsscommerce.com/Bss-Commerce-License.txt
 *
 * @category  BSS
 * @package   Bss_CustomShippingMethod
 * @author    Extension Team
 * @copyright Copyright (c) 2017-2021 BSS Commerce Co. ( http://bsscommerce.com )
 * @license   http://bsscommerce.com/Bss-Commerce-License.txt
 */
-->
<config xmlns:xsi="http://www.w3.org/2001/XMLSchema-instance" xsi:noNamespaceSchemaLocation="urn:magento:framework:Acl/etc/acl.xsd">
    <acl>
        <resources>
            <resource id="Magento_Backend::admin">
                <resource id="Magento_Sales::sales">
                    <resource id="Magento_Sales::sales_operation">
                        <resource id="Bss_CustomShippingMethod::customshipingmethod" title="Custom Shipping Method" translate="title" sortOrder="10">
                            <resource id="Bss_CustomShippingMethod::actions" title="Actions" translate="title" sortOrder="10">
                                <resource id="Bss_CustomShippingMethod::view" title="View" translate="title" sortOrder="10"/>
                                <resource id="Bss_CustomShippingMethod::edit" title="Edit" translate="title" sortOrder="20"/>
                            </resource>
                        </resource>
                    </resource>
                </resource>

                <resource id="Bss_CustomShippingMethod::csm" title="Bss Custom Shipping Method API" sortOrder="10">
                    <resource id="Bss_CustomShippingMethod::api" title="API" sortOrder="10" />
                </resource>
            </resource>
        </resources>
    </acl>
</config>
