<home>
	<section>
		<name><![CDATA[block112]]></name>
		<theme_name><![CDATA[]]></theme_name>
		<block_cols><![CDATA[4,4,4]]></block_cols>
		<tablet_cols><![CDATA[["6","6","12"]]]></tablet_cols>
		<mobile_cols><![CDATA[["12","12","12"]]]></mobile_cols>
		<block_class><![CDATA[["","",""]]]></block_class>
		<class><![CDATA[margin-left30 margin-right30 lookbook-in-home]]></class>
		<background><![CDATA[]]></background>
		<background_image><![CDATA[]]></background_image>
		<background_repeat><![CDATA[0]]></background_repeat>
		<background_cover><![CDATA[0]]></background_cover>
		<parallax><![CDATA[0]]></parallax>
		<fullwidth><![CDATA[1]]></fullwidth>
		<padding_top><![CDATA[]]></padding_top>
		<padding_bottom><![CDATA[]]></padding_bottom>
		<block_position><![CDATA[1]]></block_position>
	</section>
	<block>
		<block_name><![CDATA[block112-0]]></block_name>
		<type><![CDATA[lookbook]]></type>
		<position><![CDATA[1]]></position>
		<setting><![CDATA[{"animation":"","animation_delay":"","lookbook_id":"1","text_colour":"","link_colour":"","link_hover_colour":"","button_colour":"","button_hover_colour":"","button_text_colour":"","button_text_hover_colour":"","button_border_colour":"","button_border_hover_colour":""}]]></setting>
		<col><![CDATA[12]]></col>
		<class><![CDATA[margin-bottom30 ]]></class>
		<block_content><![CDATA[{{widget type="MGS\Lookbook\Block\Widget\Lookbook" lookbook_id="1" template="MGS_Lookbook::widget/lookbook.phtml"}}]]></block_content>
	</block>
	<block>
		<block_name><![CDATA[block112-0]]></block_name>
		<type><![CDATA[lookbook]]></type>
		<position><![CDATA[2]]></position>
		<setting><![CDATA[{"animation":"","animation_delay":"","lookbook_id":"4","text_colour":"","link_colour":"","link_hover_colour":"","button_colour":"","button_hover_colour":"","button_text_colour":"","button_text_hover_colour":"","button_border_colour":"","button_border_hover_colour":""}]]></setting>
		<col><![CDATA[12]]></col>
		<class><![CDATA[margin-bottom30 ]]></class>
		<block_content><![CDATA[{{widget type="MGS\Lookbook\Block\Widget\Lookbook" lookbook_id="4" template="MGS_Lookbook::widget/lookbook.phtml"}}]]></block_content>
	</block>
	<block>
		<block_name><![CDATA[block112-1]]></block_name>
		<type><![CDATA[lookbook]]></type>
		<position><![CDATA[1]]></position>
		<setting><![CDATA[{"animation":"","animation_delay":"","lookbook_id":"2","text_colour":"","link_colour":"","link_hover_colour":"","button_colour":"","button_hover_colour":"","button_text_colour":"","button_text_hover_colour":"","button_border_colour":"","button_border_hover_colour":""}]]></setting>
		<col><![CDATA[12]]></col>
		<class><![CDATA[margin-bottom30 ]]></class>
		<block_content><![CDATA[{{widget type="MGS\Lookbook\Block\Widget\Lookbook" lookbook_id="2" template="MGS_Lookbook::widget/lookbook.phtml"}}]]></block_content>
	</block>
	<block>
		<block_name><![CDATA[block112-1]]></block_name>
		<type><![CDATA[lookbook]]></type>
		<position><![CDATA[2]]></position>
		<setting><![CDATA[{"animation":"","animation_delay":"","lookbook_id":"5","text_colour":"","link_colour":"","link_hover_colour":"","button_colour":"","button_hover_colour":"","button_text_colour":"","button_text_hover_colour":"","button_border_colour":"","button_border_hover_colour":""}]]></setting>
		<col><![CDATA[12]]></col>
		<class><![CDATA[margin-bottom30 ]]></class>
		<block_content><![CDATA[{{widget type="MGS\Lookbook\Block\Widget\Lookbook" lookbook_id="5" template="MGS_Lookbook::widget/lookbook.phtml"}}]]></block_content>
	</block>
	<block>
		<block_name><![CDATA[block112-2]]></block_name>
		<type><![CDATA[lookbook]]></type>
		<position><![CDATA[1]]></position>
		<setting><![CDATA[{"animation":"","animation_delay":"","lookbook_id":"3","text_colour":"","link_colour":"","link_hover_colour":"","button_colour":"","button_hover_colour":"","button_text_colour":"","button_text_hover_colour":"","button_border_colour":"","button_border_hover_colour":""}]]></setting>
		<col><![CDATA[12]]></col>
		<class><![CDATA[col-sm-6  margin-bottom30 ]]></class>
		<block_content><![CDATA[{{widget type="MGS\Lookbook\Block\Widget\Lookbook" lookbook_id="3" template="MGS_Lookbook::widget/lookbook.phtml"}}]]></block_content>
	</block>
	<block>
		<block_name><![CDATA[block112-2]]></block_name>
		<type><![CDATA[lookbook]]></type>
		<position><![CDATA[2]]></position>
		<setting><![CDATA[{"animation":"","animation_delay":"","lookbook_id":"6","text_colour":"","link_colour":"","link_hover_colour":"","button_colour":"","button_hover_colour":"","button_text_colour":"","button_text_hover_colour":"","button_border_colour":"","button_border_hover_colour":""}]]></setting>
		<col><![CDATA[12]]></col>
		<class><![CDATA[col-sm-6 margin-bottom30 ]]></class>
		<block_content><![CDATA[{{widget type="MGS\Lookbook\Block\Widget\Lookbook" lookbook_id="6" template="MGS_Lookbook::widget/lookbook.phtml"}}]]></block_content>
	</block>
	<theme_setting>
		<general>
			<footer>footer_5</footer>
			<header>header_12</header>
		</general>
	</theme_setting>

</home>