<home>
	<section>
		<name><![CDATA[block244]]></name>
		<theme_name><![CDATA[]]></theme_name>
		<block_cols><![CDATA[12]]></block_cols>
		<tablet_cols><![CDATA[["12"]]]></tablet_cols>
		<mobile_cols><![CDATA[["12"]]]></mobile_cols>
		<block_class><![CDATA[[""]]]></block_class>
		<class><![CDATA[]]></class>
		<background><![CDATA[]]></background>
		<background_image><![CDATA[]]></background_image>
		<background_repeat><![CDATA[0]]></background_repeat>
		<background_cover><![CDATA[0]]></background_cover>
		<parallax><![CDATA[0]]></parallax>
		<fullwidth><![CDATA[1]]></fullwidth>
		<padding_top><![CDATA[]]></padding_top>
		<padding_bottom><![CDATA[]]></padding_bottom>
		<block_position><![CDATA[0]]></block_position>
	</section>
	<section>
		<name><![CDATA[block245]]></name>
		<theme_name><![CDATA[]]></theme_name>
		<block_cols><![CDATA[3,3,3,3]]></block_cols>
		<tablet_cols><![CDATA[["6","6","6","6"]]]></tablet_cols>
		<mobile_cols><![CDATA[["12","12","12","12"]]]></mobile_cols>
		<block_class><![CDATA[["margin-bottom30","margin-bottom30","margin-bottom30","margin-bottom30"]]]></block_class>
		<class><![CDATA[]]></class>
		<background><![CDATA[]]></background>
		<background_image><![CDATA[]]></background_image>
		<background_repeat><![CDATA[0]]></background_repeat>
		<background_cover><![CDATA[0]]></background_cover>
		<parallax><![CDATA[0]]></parallax>
		<fullwidth><![CDATA[0]]></fullwidth>
		<padding_top><![CDATA[50]]></padding_top>
		<padding_bottom><![CDATA[]]></padding_bottom>
		<block_position><![CDATA[7]]></block_position>
	</section>
	<section>
		<name><![CDATA[block246]]></name>
		<theme_name><![CDATA[]]></theme_name>
		<block_cols><![CDATA[12]]></block_cols>
		<tablet_cols><![CDATA[]]></tablet_cols>
		<mobile_cols><![CDATA[]]></mobile_cols>
		<block_class><![CDATA[]]></block_class>
		<class><![CDATA[]]></class>
		<background><![CDATA[]]></background>
		<background_image><![CDATA[]]></background_image>
		<background_repeat><![CDATA[]]></background_repeat>
		<background_cover><![CDATA[]]></background_cover>
		<parallax><![CDATA[]]></parallax>
		<fullwidth><![CDATA[]]></fullwidth>
		<padding_top><![CDATA[]]></padding_top>
		<padding_bottom><![CDATA[]]></padding_bottom>
		<block_position><![CDATA[5]]></block_position>
	</section>
	<section>
		<name><![CDATA[block247]]></name>
		<theme_name><![CDATA[]]></theme_name>
		<block_cols><![CDATA[12]]></block_cols>
		<tablet_cols><![CDATA[["12"]]]></tablet_cols>
		<mobile_cols><![CDATA[["12"]]]></mobile_cols>
		<block_class><![CDATA[[""]]]></block_class>
		<class><![CDATA[]]></class>
		<background><![CDATA[]]></background>
		<background_image><![CDATA[]]></background_image>
		<background_repeat><![CDATA[0]]></background_repeat>
		<background_cover><![CDATA[0]]></background_cover>
		<parallax><![CDATA[0]]></parallax>
		<fullwidth><![CDATA[1]]></fullwidth>
		<padding_top><![CDATA[50]]></padding_top>
		<padding_bottom><![CDATA[]]></padding_bottom>
		<block_position><![CDATA[6]]></block_position>
	</section>
	<section>
		<name><![CDATA[block248]]></name>
		<theme_name><![CDATA[]]></theme_name>
		<block_cols><![CDATA[12]]></block_cols>
		<tablet_cols><![CDATA[["12"]]]></tablet_cols>
		<mobile_cols><![CDATA[["12"]]]></mobile_cols>
		<block_class><![CDATA[[""]]]></block_class>
		<class><![CDATA[]]></class>
		<background><![CDATA[]]></background>
		<background_image><![CDATA[]]></background_image>
		<background_repeat><![CDATA[0]]></background_repeat>
		<background_cover><![CDATA[0]]></background_cover>
		<parallax><![CDATA[0]]></parallax>
		<fullwidth><![CDATA[0]]></fullwidth>
		<padding_top><![CDATA[50]]></padding_top>
		<padding_bottom><![CDATA[]]></padding_bottom>
		<block_position><![CDATA[4]]></block_position>
	</section>
	<section>
		<name><![CDATA[block249]]></name>
		<theme_name><![CDATA[]]></theme_name>
		<block_cols><![CDATA[12]]></block_cols>
		<tablet_cols><![CDATA[["12"]]]></tablet_cols>
		<mobile_cols><![CDATA[["12"]]]></mobile_cols>
		<block_class><![CDATA[[""]]]></block_class>
		<class><![CDATA[]]></class>
		<background><![CDATA[]]></background>
		<background_image><![CDATA[]]></background_image>
		<background_repeat><![CDATA[0]]></background_repeat>
		<background_cover><![CDATA[0]]></background_cover>
		<parallax><![CDATA[0]]></parallax>
		<fullwidth><![CDATA[0]]></fullwidth>
		<padding_top><![CDATA[20]]></padding_top>
		<padding_bottom><![CDATA[]]></padding_bottom>
		<block_position><![CDATA[3]]></block_position>
	</section>
	<section>
		<name><![CDATA[block250]]></name>
		<theme_name><![CDATA[]]></theme_name>
		<block_cols><![CDATA[4,4,4]]></block_cols>
		<tablet_cols><![CDATA[["6","6","12"]]]></tablet_cols>
		<mobile_cols><![CDATA[["12","12","12"]]]></mobile_cols>
		<block_class><![CDATA[["margin-bottom30","margin-bottom30 pull-right","margin-bottom30"]]]></block_class>
		<class><![CDATA[]]></class>
		<background><![CDATA[]]></background>
		<background_image><![CDATA[]]></background_image>
		<background_repeat><![CDATA[0]]></background_repeat>
		<background_cover><![CDATA[0]]></background_cover>
		<parallax><![CDATA[0]]></parallax>
		<fullwidth><![CDATA[0]]></fullwidth>
		<padding_top><![CDATA[80]]></padding_top>
		<padding_bottom><![CDATA[]]></padding_bottom>
		<block_position><![CDATA[2]]></block_position>
	</section>
	<section>
		<name><![CDATA[block251]]></name>
		<theme_name><![CDATA[]]></theme_name>
		<block_cols><![CDATA[3,3,3,3]]></block_cols>
		<tablet_cols><![CDATA[["6","6","6","6"]]]></tablet_cols>
		<mobile_cols><![CDATA[["12","12","12","12"]]]></mobile_cols>
		<block_class><![CDATA[["margin-bottom30","margin-bottom30","margin-bottom30","margin-bottom30"]]]></block_class>
		<class><![CDATA[padding-left30 padding-right30]]></class>
		<background><![CDATA[]]></background>
		<background_image><![CDATA[]]></background_image>
		<background_repeat><![CDATA[0]]></background_repeat>
		<background_cover><![CDATA[0]]></background_cover>
		<parallax><![CDATA[0]]></parallax>
		<fullwidth><![CDATA[1]]></fullwidth>
		<padding_top><![CDATA[35]]></padding_top>
		<padding_bottom><![CDATA[]]></padding_bottom>
		<block_position><![CDATA[1]]></block_position>
	</section>
	<block>
		<block_name><![CDATA[block245-0]]></block_name>
		<type><![CDATA[static]]></type>
		<position><![CDATA[1]]></position>
		<setting><![CDATA[{"animation":"","animation_delay":""}]]></setting>
		<col><![CDATA[12]]></col>
		<class><![CDATA[col-xs-12]]></class>
		<block_content><![CDATA[<div class="icon-service">
<div class="icon"><i class="pe-7s-car"> </i></div>
<div class="text">
<h6 class="margin-bottom5">FREE SHIPPING</h6>
<p class="no-margin">Free shipping on all US order or order above $200</p>
</div>
</div>]]></block_content>
	</block>
	<block>
		<block_name><![CDATA[block245-1]]></block_name>
		<type><![CDATA[static]]></type>
		<position><![CDATA[1]]></position>
		<setting><![CDATA[{"animation":"","animation_delay":""}]]></setting>
		<col><![CDATA[12]]></col>
		<class><![CDATA[col-xs-12]]></class>
		<block_content><![CDATA[<div class="icon-service">
<div class="icon"><i class="pe-7s-help2"> </i></div>
<div class="text">
<h6 class="margin-bottom5">SUPPORT 24/7</h6>
<p class="no-margin">Contact us 24 hours a day, 7 days a week</p>
</div>
</div>]]></block_content>
	</block>
	<block>
		<block_name><![CDATA[block245-2]]></block_name>
		<type><![CDATA[static]]></type>
		<position><![CDATA[1]]></position>
		<setting><![CDATA[{"animation":"","animation_delay":""}]]></setting>
		<col><![CDATA[12]]></col>
		<class><![CDATA[col-xs-12]]></class>
		<block_content><![CDATA[<div class="icon-service">
<div class="icon"><i class="pe-7s-refresh"> </i></div>
<div class="text">
<h6 class="margin-bottom5">30 DAYS RETURN</h6>
<p class="no-margin">Simply return it within 30 days for an exchange.</p>
</div>
</div>]]></block_content>
	</block>
	<block>
		<block_name><![CDATA[block245-3]]></block_name>
		<type><![CDATA[static]]></type>
		<position><![CDATA[1]]></position>
		<setting><![CDATA[{"animation":"","animation_delay":""}]]></setting>
		<col><![CDATA[12]]></col>
		<class><![CDATA[col-xs-12]]></class>
		<block_content><![CDATA[<div class="icon-service">
<div class="icon"><i class="pe-7s-door-lock"> </i></div>
<div class="text">
<h6 class="margin-bottom5">100% PAYMENT SECURE</h6>
<p class="no-margin">We ensure secure payment with PEV</p>
</div>
</div>]]></block_content>
	</block>
	<block>
		<block_name><![CDATA[block247-0]]></block_name>
		<type><![CDATA[instagram]]></type>
		<position><![CDATA[1]]></position>
		<setting><![CDATA[{"title":"@ FOLLOW US ON INSTAGRAM","additional_content":"","animation":"","animation_delay":"","limit":"7","perrow":"6","resolution":"standard_resolution","link":"1","like":"1","comment":"1","use_slider":"1","number_row":"1","navigation":"1","autoplay":0,"stop_auto":0,"pagination":0}]]></setting>
		<col><![CDATA[12]]></col>
		<class><![CDATA[col-xs-12]]></class>
		<block_content><![CDATA[{{block class="MGS\Social\Block\Panel\Widget" mgs_panel_title="@ FOLLOW US ON INSTAGRAM" mgs_panel_note="" limit="7" resolution="standard_resolution" link="1" perrow="6" use_slider="1" like="1" comment="1" autoplay="0" stop_auto="0" navigation="1" pagination="0" number_row="1" template="widget/instagram.phtml"}}]]></block_content>
	</block>
	<block>
		<block_name><![CDATA[block246-0]]></block_name>
		<type><![CDATA[latest_posts]]></type>
		<position><![CDATA[1]]></position>
		<setting><![CDATA[{"title":"LATEST FROM BLOG","additional_content":"The freshest and most exciting news","animation":"","animation_delay":"","post_category":["7"],"number_of_posts":"4","items":"3","template":"default.phtml","show_thumbnail":"1","show_short_content":"1","limit_characters_short_content":"123","view_as":"1","number_row":"1","navigation":"1","text_colour":"","link_colour":"","link_hover_colour":"","button_colour":"","button_hover_colour":"","button_text_colour":"","button_text_hover_colour":"","button_border_colour":"","button_border_hover_colour":"","autoplay":0,"stop_auto":0,"pagination":0}]]></setting>
		<col><![CDATA[12]]></col>
		<class><![CDATA[]]></class>
		<block_content><![CDATA[{{widget type="MGS\Blog\Block\Widget\Latest" mgs_panel_title="LATEST FROM BLOG" post_category="7" number_of_posts="4" items="3" show_thumbnail="1" mgs_panel_note="The freshest and most exciting news" template="widget/default.phtml" show_short_content="1" limit_characters_short_content="123" view_as="owl_carousel" autoplay="0" stop_auto="0" navigation="1" pagination="0" number_row="1"}}]]></block_content>
	</block>
	<block>
		<block_name><![CDATA[block248-0]]></block_name>
		<type><![CDATA[tabs]]></type>
		<position><![CDATA[1]]></position>
		<setting><![CDATA[{"title":"OUR PRODUCTS","additional_content":"Top view in the week","animation":"","animation_delay":"","tabs":{"mgs_new_products_tabs":{"value":"mgs_new_products_tabs","label":"New","position":"2"},"mgs_sale_products_tabs":{"value":"mgs_sale_products_tabs","label":"Sale","position":"3"},"mgs_rate_products_tabs":{"value":"mgs_rate_products_tabs","label":"Top Rated","position":"4"},"7096":{"value":"best_seller","label":"Best Seller","position":"1"}},"tab_template":"1","limit":"12","perrow":"4","ratio":"1","number_row":"1","category_id":["76"],"text_colour":"","link_colour":"","link_hover_colour":"","button_colour":"","button_hover_colour":"","button_text_colour":"","button_text_hover_colour":"","button_border_colour":"","button_border_hover_colour":"","use_slider":0,"autoplay":0,"stop_auto":0,"navigation":0,"pagination":0,"use_tabs":0,"loadmore":0}]]></setting>
		<col><![CDATA[12]]></col>
		<class><![CDATA[col-xs-12]]></class>
		<block_content><![CDATA[{{block class="MGS\Mpanel\Block\Products\Tabs" mgs_panel_title="OUR PRODUCTS" mgs_panel_note="Top view in the week" limit="12" perrow="4" category_ids="76" use_slider="0" loadmore="0" ratio="1" tabs="best_seller,mgs_new_products_tabs,mgs_sale_products_tabs,mgs_rate_products_tabs" template="products/tabs/grid.phtml" tab_template="1"labels="Best Seller,New,Sale,Top Rated"}}]]></block_content>
	</block>
	<block>
		<block_name><![CDATA[block249-0]]></block_name>
		<type><![CDATA[attribute_products]]></type>
		<position><![CDATA[1]]></position>
		<setting><![CDATA[{"title":"TRENDING","additional_content":"Top view in this week","animation":"","animation_delay":"","attribute":"trending","limit":"8","perrow":"4","numbercol":"1","percol":"","template":"grid.phtml","ratio":"1","use_slider":"1","number_row":"1","navigation":"1","category_id":["76"],"text_colour":"","link_colour":"","link_hover_colour":"","button_colour":"","button_hover_colour":"","button_text_colour":"","button_text_hover_colour":"","button_border_colour":"","button_border_hover_colour":"","autoplay":0,"stop_auto":0,"pagination":0,"use_tabs":0,"loadmore":0}]]></setting>
		<col><![CDATA[12]]></col>
		<class><![CDATA[]]></class>
		<block_content><![CDATA[{{block class="MGS\Mpanel\Block\Products\Attributes" mgs_panel_title="TRENDING" mgs_panel_note="Top view in this week" limit="8" ratio="1" category_ids="76" attribute="trending" use_slider="1" loadmore="0" template="products/attribute/grid.phtml" perrow="4" autoplay="0" stop_auto="0" navigation="1" pagination="0" number_row="1"}}]]></block_content>
	</block>
	<block>
		<block_name><![CDATA[block251-0]]></block_name>
		<type><![CDATA[promo_banner]]></type>
		<position><![CDATA[1]]></position>
		<setting><![CDATA[{"animation":"","animation_delay":"","text_colour":"","link_colour":"","link_hover_colour":"","button_colour":"","button_hover_colour":"","button_text_colour":"","button_text_hover_colour":"","button_border_colour":"","button_border_hover_colour":"","banner_id":"claue_medical_banner_1"}]]></setting>
		<col><![CDATA[12]]></col>
		<class><![CDATA[col-xs-12]]></class>
		<block_content><![CDATA[{{widget type="MGS\Promobanners\Block\Widget\Banner" banner_id="claue_medical_banner_1" template="banner.phtml"}}]]></block_content>
	</block>
	<block>
		<block_name><![CDATA[block251-1]]></block_name>
		<type><![CDATA[promo_banner]]></type>
		<position><![CDATA[1]]></position>
		<setting><![CDATA[{"animation":"","animation_delay":"","text_colour":"","link_colour":"","link_hover_colour":"","button_colour":"","button_hover_colour":"","button_text_colour":"","button_text_hover_colour":"","button_border_colour":"","button_border_hover_colour":"","banner_id":"claue_medical_banner_02"}]]></setting>
		<col><![CDATA[12]]></col>
		<class><![CDATA[]]></class>
		<block_content><![CDATA[{{widget type="MGS\Promobanners\Block\Widget\Banner" banner_id="claue_medical_banner_02" template="banner.phtml"}}]]></block_content>
	</block>
	<block>
		<block_name><![CDATA[block251-2]]></block_name>
		<type><![CDATA[promo_banner]]></type>
		<position><![CDATA[1]]></position>
		<setting><![CDATA[{"animation":"","animation_delay":"","text_colour":"","link_colour":"","link_hover_colour":"","button_colour":"","button_hover_colour":"","button_text_colour":"","button_text_hover_colour":"","button_border_colour":"","button_border_hover_colour":"","banner_id":"claue_medical_banner_03"}]]></setting>
		<col><![CDATA[12]]></col>
		<class><![CDATA[]]></class>
		<block_content><![CDATA[{{widget type="MGS\Promobanners\Block\Widget\Banner" banner_id="claue_medical_banner_03" template="banner.phtml"}}]]></block_content>
	</block>
	<block>
		<block_name><![CDATA[block251-3]]></block_name>
		<type><![CDATA[promo_banner]]></type>
		<position><![CDATA[1]]></position>
		<setting><![CDATA[{"animation":"","animation_delay":"","text_colour":"","link_colour":"","link_hover_colour":"","button_colour":"","button_hover_colour":"","button_text_colour":"","button_text_hover_colour":"","button_border_colour":"","button_border_hover_colour":"","banner_id":"claue_medical_banner_04"}]]></setting>
		<col><![CDATA[12]]></col>
		<class><![CDATA[]]></class>
		<block_content><![CDATA[{{widget type="MGS\Promobanners\Block\Widget\Banner" banner_id="claue_medical_banner_04" template="banner.phtml"}}]]></block_content>
	</block>
	<block>
		<block_name><![CDATA[block244-0]]></block_name>
		<type><![CDATA[owl_banner]]></type>
		<position><![CDATA[1]]></position>
		<setting><![CDATA[{"block_link":"","animation":"","animation_delay":"","removeimg":["","","","","","","","","","","","","","","","","","","","","","","","","","","","","","","","","","","","","","","","",""],"html_slider":"<div data-text-position=\"middle_left\" data-text-animate=\"slideInLeft\" class=\"item slideInLeft\"><a class=\"item-image\" href=\"\" style=\"background-image:url(https:\/\/themes.magesolution.com\/claue\/m2\/pub\/media\/wysiwyg\/slider\/2554479.jpg)\"><img class=\"img-responsive\" src=\"https:\/\/themes.magesolution.com\/claue\/m2\/pub\/media\/wysiwyg\/slider\/2554479.jpg\" alt=\"\"><\/a><div class=\"container slide-text middle_left\"><div class=\"inner-text\"><h5 class=\"sub-title\">Medical Supplies<\/h5>\r\n<h2>COVID-19   Prevention <br> Care Supplies <\/h2>\r\n<p>Collection of products that help you to protect you and your beloved. Take a good deal TODAY <\/p>\r\n<a href=\"#\" class=\"btn btn-default\">Shop now<\/a><\/div><\/div><\/div><div data-text-position=\"middle_left\" data-text-animate=\"slideInDown\" class=\"item slideInDown\"><a class=\"item-image\" href=\"\" style=\"background-image:url(https:\/\/themes.magesolution.com\/claue\/m2\/pub\/media\/wysiwyg\/slider\/2554452.jpg)\"><img class=\"img-responsive\" src=\"https:\/\/themes.magesolution.com\/claue\/m2\/pub\/media\/wysiwyg\/slider\/2554452.jpg\" alt=\"\"><\/a><div class=\"container slide-text middle_left\"><div class=\"inner-text\"><h5 class=\"sub-title\">Hospital Equipment<\/h5>\r\n<h2>Stainless Steel Scissors<\/h2>\r\n<p>Soft and non-irritating, does not hurt the skin, has a water retention and hydration function <\/p>\r\n<a href=\"#\" class=\"btn btn-default\">Shop now<\/a><\/div><\/div><\/div><div data-text-position=\"middle_left\" data-text-animate=\"slideInUp\" class=\"item slideInUp\"><a class=\"item-image\" href=\"\" style=\"background-image:url(https:\/\/themes.magesolution.com\/claue\/m2\/pub\/media\/wysiwyg\/slider\/2554465.jpg)\"><img class=\"img-responsive\" src=\"https:\/\/themes.magesolution.com\/claue\/m2\/pub\/media\/wysiwyg\/slider\/2554465.jpg\" alt=\"\"><\/a><div class=\"container slide-text middle_left\"><div class=\"inner-text\"><h5 class=\"sub-title\">Hospital Equipment<\/h5>\r\n<h2>Stainless Steel Scissors<\/h2>\r\n<p>Soft and non-irritating, does not hurt the skin, has a water retention and hydration function <\/p>\r\n<a href=\"#\" class=\"btn btn-default\">Shop now<\/a><\/div><\/div><\/div>","offset":"","effect":"1","speed":"","navtemple":"1","fullscreen":0,"autoplay":0,"stop_auto":0,"navigation":0,"pagination":0,"loop":0,"fullheight":0}]]></setting>
		<col><![CDATA[12]]></col>
		<class><![CDATA[]]></class>
		<block_content><![CDATA[{{block class="MGS\Mpanel\Block\Widget\OwlCarousel" fullscreen="0" autoplay="0" stop_auto="0" navigation="0" offset="" fullheight="0" pagination="0" loop="0" speed="" html_slider="&lt;div data-text-position=&quot;middle_left&quot; data-text-animate=&quot;slideInLeft&quot; class=&quot;item slideInLeft&quot;&gt;&lt;a class=&quot;item-image&quot; href=&quot;&quot; style=&quot;background-image:url(https://themes.magesolution.com/claue/m2/pub/media/wysiwyg/slider/2554479.jpg)&quot;&gt;&lt;img class=&quot;img-responsive&quot; src=&quot;https://themes.magesolution.com/claue/m2/pub/media/wysiwyg/slider/2554479.jpg&quot; alt=&quot;&quot;&gt;&lt;/a&gt;&lt;div class=&quot;container slide-text middle_left&quot;&gt;&lt;div class=&quot;inner-text&quot;&gt;&lt;h5 class=&quot;sub-title&quot;&gt;Medical Supplies&lt;/h5&gt;
&lt;h2&gt;COVID-19   Prevention &lt;br&gt; Care Supplies &lt;/h2&gt;
&lt;p&gt;Collection of products that help you to protect you and your beloved. Take a good deal TODAY &lt;/p&gt;
&lt;a href=&quot;#&quot; class=&quot;btn btn-default&quot;&gt;Shop now&lt;/a&gt;&lt;/div&gt;&lt;/div&gt;&lt;/div&gt;&lt;div data-text-position=&quot;middle_left&quot; data-text-animate=&quot;slideInDown&quot; class=&quot;item slideInDown&quot;&gt;&lt;a class=&quot;item-image&quot; href=&quot;&quot; style=&quot;background-image:url(https://themes.magesolution.com/claue/m2/pub/media/wysiwyg/slider/2554452.jpg)&quot;&gt;&lt;img class=&quot;img-responsive&quot; src=&quot;https://themes.magesolution.com/claue/m2/pub/media/wysiwyg/slider/2554452.jpg&quot; alt=&quot;&quot;&gt;&lt;/a&gt;&lt;div class=&quot;container slide-text middle_left&quot;&gt;&lt;div class=&quot;inner-text&quot;&gt;&lt;h5 class=&quot;sub-title&quot;&gt;Hospital Equipment&lt;/h5&gt;
&lt;h2&gt;Stainless Steel Scissors&lt;/h2&gt;
&lt;p&gt;Soft and non-irritating, does not hurt the skin, has a water retention and hydration function &lt;/p&gt;
&lt;a href=&quot;#&quot; class=&quot;btn btn-default&quot;&gt;Shop now&lt;/a&gt;&lt;/div&gt;&lt;/div&gt;&lt;/div&gt;&lt;div data-text-position=&quot;middle_left&quot; data-text-animate=&quot;slideInUp&quot; class=&quot;item slideInUp&quot;&gt;&lt;a class=&quot;item-image&quot; href=&quot;&quot; style=&quot;background-image:url(https://themes.magesolution.com/claue/m2/pub/media/wysiwyg/slider/2554465.jpg)&quot;&gt;&lt;img class=&quot;img-responsive&quot; src=&quot;https://themes.magesolution.com/claue/m2/pub/media/wysiwyg/slider/2554465.jpg&quot; alt=&quot;&quot;&gt;&lt;/a&gt;&lt;div class=&quot;container slide-text middle_left&quot;&gt;&lt;div class=&quot;inner-text&quot;&gt;&lt;h5 class=&quot;sub-title&quot;&gt;Hospital Equipment&lt;/h5&gt;
&lt;h2&gt;Stainless Steel Scissors&lt;/h2&gt;
&lt;p&gt;Soft and non-irritating, does not hurt the skin, has a water retention and hydration function &lt;/p&gt;
&lt;a href=&quot;#&quot; class=&quot;btn btn-default&quot;&gt;Shop now&lt;/a&gt;&lt;/div&gt;&lt;/div&gt;&lt;/div&gt;" navtemple="1" effect="1" template="widget/owl_slider.phtml"}}]]></block_content>
	</block>
	<block>
		<block_name><![CDATA[block250-0]]></block_name>
		<type><![CDATA[promo_banner]]></type>
		<position><![CDATA[1]]></position>
		<setting><![CDATA[{"animation":"","animation_delay":"","text_colour":"","link_colour":"","link_hover_colour":"","button_colour":"","button_hover_colour":"","button_text_colour":"","button_text_hover_colour":"","button_border_colour":"","button_border_hover_colour":"","banner_id":"claue_medical_banner_05"}]]></setting>
		<col><![CDATA[12]]></col>
		<class><![CDATA[]]></class>
		<block_content><![CDATA[{{widget type="MGS\Promobanners\Block\Widget\Banner" banner_id="claue_medical_banner_05" template="banner.phtml"}}]]></block_content>
	</block>
	<block>
		<block_name><![CDATA[block250-1]]></block_name>
		<type><![CDATA[promo_banner]]></type>
		<position><![CDATA[1]]></position>
		<setting><![CDATA[{"animation":"","animation_delay":"","text_colour":"","link_colour":"","link_hover_colour":"","button_colour":"","button_hover_colour":"","button_text_colour":"","button_text_hover_colour":"","button_border_colour":"","button_border_hover_colour":"","banner_id":"claue_medical_banner_06"}]]></setting>
		<col><![CDATA[12]]></col>
		<class><![CDATA[]]></class>
		<block_content><![CDATA[{{widget type="MGS\Promobanners\Block\Widget\Banner" banner_id="claue_medical_banner_06" template="banner.phtml"}}]]></block_content>
	</block>
	<block>
		<block_name><![CDATA[block250-2]]></block_name>
		<type><![CDATA[deals]]></type>
		<position><![CDATA[1]]></position>
		<setting><![CDATA[{"title":"","additional_content":"","animation":"","animation_delay":"","limit":"1","perrow":"1","template":"grid.phtml","ratio":"1","number_row":"1","category_id":["82"],"text_colour":"","link_colour":"","link_hover_colour":"","button_colour":"","button_hover_colour":"","button_text_colour":"","button_text_hover_colour":"","button_border_colour":"","button_border_hover_colour":"","use_slider":0,"autoplay":0,"stop_auto":0,"navigation":0,"pagination":0,"use_tabs":0,"loadmore":0}]]></setting>
		<col><![CDATA[12]]></col>
		<class><![CDATA[]]></class>
		<block_content><![CDATA[{{block class="MGS\Mpanel\Block\Products\Deals" mgs_panel_title="" mgs_panel_note="" limit="1" perrow="1" ratio="1" category_ids="82" use_slider="0" loadmore="0" template="products/deals/grid.phtml"}}]]></block_content>
	</block>
	<promo_banner>
		<item>
			<title><![CDATA[Claue Medical Banner 1]]></title>
			<filename><![CDATA[/b/l/blood-pressure-1006791_1920_copy.jpg]]></filename>
			<url><![CDATA[]]></url>
			<button><![CDATA[Hospital Equipment]]></button>
			<text_align><![CDATA[bottom-center]]></text_align>
			<content><![CDATA[]]></content>
			<effect><![CDATA[zoom]]></effect>
			<custom_class><![CDATA[]]></custom_class>
			<status><![CDATA[1]]></status>
			<identifier><![CDATA[claue_medical_banner_1]]></identifier>
		</item>
		<item>
			<title><![CDATA[Claue medical banner 02]]></title>
			<filename><![CDATA[/0/4/04.jpg]]></filename>
			<url><![CDATA[]]></url>
			<button><![CDATA[Independent Living]]></button>
			<text_align><![CDATA[bottom-center]]></text_align>
			<content><![CDATA[]]></content>
			<effect><![CDATA[zoom]]></effect>
			<custom_class><![CDATA[]]></custom_class>
			<status><![CDATA[1]]></status>
			<identifier><![CDATA[claue_medical_banner_02]]></identifier>
		</item>
		<item>
			<title><![CDATA[Claue Medical Banner 03]]></title>
			<filename><![CDATA[/h/e/health-4286634_1920_copy.jpg]]></filename>
			<url><![CDATA[]]></url>
			<button><![CDATA[Blood Pressure]]></button>
			<text_align><![CDATA[bottom-center]]></text_align>
			<content><![CDATA[]]></content>
			<effect><![CDATA[zoom]]></effect>
			<custom_class><![CDATA[]]></custom_class>
			<status><![CDATA[1]]></status>
			<identifier><![CDATA[claue_medical_banner_03]]></identifier>
		</item>
		<item>
			<title><![CDATA[Claue Medical Banner 04]]></title>
			<filename><![CDATA[/p/o/portable-mesh-atomizer-machine-for-kids-adults_8.jpg]]></filename>
			<url><![CDATA[]]></url>
			<button><![CDATA[Personal]]></button>
			<text_align><![CDATA[bottom-center]]></text_align>
			<content><![CDATA[]]></content>
			<effect><![CDATA[zoom]]></effect>
			<custom_class><![CDATA[]]></custom_class>
			<status><![CDATA[1]]></status>
			<identifier><![CDATA[claue_medical_banner_04]]></identifier>
		</item>
		<item>
			<title><![CDATA[Claue Medical Banner 05]]></title>
			<filename><![CDATA[/h/o/hospital_20monitor.h03.jpg]]></filename>
			<url><![CDATA[]]></url>
			<button><![CDATA[]]></button>
			<text_align><![CDATA[bottom-left]]></text_align>
			<content><![CDATA[<h3 class="fwm margin-bottom10 ls__1 lh__1" style="font-size:14px; color:#222222;">Independent Living</h3>
<h4 class="margin-bottom10" style="font-size:30px; line-height:30px; color:#222222;">Classic Personal Vaporizer</h4>]]></content>
			<effect><![CDATA[zoom]]></effect>
			<custom_class><![CDATA[]]></custom_class>
			<status><![CDATA[1]]></status>
			<identifier><![CDATA[claue_medical_banner_05]]></identifier>
		</item>
		<item>
			<title><![CDATA[Claue Medical Banner 06]]></title>
			<filename><![CDATA[/h/o/hospital_20bed.h03.jpg]]></filename>
			<url><![CDATA[]]></url>
			<button><![CDATA[Shop Now]]></button>
			<text_align><![CDATA[middle-center]]></text_align>
			<content><![CDATA[<div class="text-center"><h3 class="fwm margin-bottom10 ls__1 lh__1" style="font-size:18px; color:#222222;">Stainless Steel Scissors</h3>
<h4 class="margin-bottom10 nowrap" style="font-size:30px; line-height:30px; color:#222222;">MEDICAL SUPPLIES</h4>
</div>]]></content>
			<effect><![CDATA[zoom]]></effect>
			<custom_class><![CDATA[]]></custom_class>
			<status><![CDATA[1]]></status>
			<identifier><![CDATA[claue_medical_banner_06]]></identifier>
		</item>
	</promo_banner>
	<theme_setting>
		<general>
			<header>header_3</header>
		</general>
		<custom_style>
			<style>.big-item .products-grid .product-item-info.metro_template .product-top a.photo{padding-top:calc(133.3333% - 10px)!important}.products-grid .big-item .product-item-info.metro_template .product-top a.photo{padding-bottom:calc(133.3333% - 10px)!important}@media (min-width:1200px){.cms-index-index .header.header8 .vertical-menu-widget .vertical-menu{padding-bottom:60px}.header.header10 .navigation .nav-main-menu{transform:translateX(20px);-moz-transform:translateX(20px);-webkit-transform:translateX(20px);-ms-transform:translateX(20px)}}.header.header9 .vertical-menu-widget .vertical-menu{padding-bottom:31px}.rotate-image-container .rotate-j360{cursor:move}.mgs-quickview-catalog-product-view .product-detail-infomation.col-xs-12{height:auto!important}
@media (min-width: 1200px){.header .close-nav-button{left:-50px}}
@media (max-width: 767px) {.sub-categories{display: none}}
.success-ajax--popup .mfp-iframe-holder .mfp-close{top: -13px !important}

.page-layout-3columns .category-product-actions .filter-toggle,
.page-layout-2columns-right .category-product-actions .filter-toggle,
.page-layout-2columns-left .category-product-actions .filter-toggle {
	display: none;
}
.filter .filter-title{
	display: none;
}
.page-layout-1column .category-product-actions .filter-toggle {
    float: left;
    width: 20%;
}
.filter-open .page-layout-1column .category-product-actions .filter-toggle .title:after {
	position: fixed;
    left: 0;
    right: 0;
    top: 0;
    bottom: 0;
    background-color: #000;
    opacity: 0.8;
    display: block;
    content: "";
    z-index: 998;
}
.page-layout-1column .category-product-actions .filter-toggle .title {
	font-size: 36px;
    cursor: pointer;
    line-height: 1;
    color: #222;
}
.page-layout-1column .category-product-actions .filter-toggle .title > span{
	-moz-transform:rotate(-90deg);
    -ms-transform:rotate(-90deg);
    -o-transform:rotate(-90deg);
    -webkit-transform:rotate(-90deg);
}
.filter-open .page-layout-1column .block.filter .block-content.filter-content {
    opacity: 1;
    visibility: visible;
    transform: translateX(0);
    -webkit-transform: translateX(0);
    -moz-transform: translateX(0);
    -o-transform: translateX(0);
}
@media (max-width: 991px) {
    .checkout-container {
        z-index: 98;
    }
}
.catalog-product-view .lazy-loading-img .page-main > div.row {
    margin-right: 0px;
}
.header.header5 .table-icon-menu .minicart-wrapper .block-minicart{left: auto;z-index: 999}
.minicart-wrapper.active:after{opacity:0.7}
.product-detail-infomation-sticky-parent > .col-xs-12 + div { width: 50% !important; }
.header.header9.active-sticky .middle-header-content .logo-header .logo,
.header.header8.active-sticky .middle-header-content .logo-header .logo{padding: 0 !important}
.header .logo-left-header .logo {
    display: block;
    text-align: center;
    display: -webkit-box;
    display: -webkit-flex;
    display: -ms-flexbox;
    display: flex;
    -webkit-box-align: center;
    -webkit-align-items: center;
    -ms-flex-align: center;
    align-items: center;
    margin: 5px 0;
    min-height: 51px;
}
.search-open .search-form .mgs-instant-search-dropdown{top: calc(100% + 20px)}
.header.header5 .dropdown-switcher{float:none;position: relative;text-align: center;margin-left: 0;display: inline-block;}
.header5 .dropdown-switcher .dropdown-menu{left:0; right:auto}
.header5 .switchers{display:block!important;padding:0!important}
.product-detail-infomation-slide-gallery .price-box .old-price{float:none}
.slide-text .btn-default {
  background-color: transparent;
}
.slide-text .btn-default:hover {
  background-color: #56cfe1;
  border-color: #56cfe1;
}
.slide-text .text-colour-white .btn-default {
  color: #fff;
  border-color: #fff;
}
.slide-text .big-text,.slide-text h2 {
    font-size: 50px;
    font-weight: 700;
}
.bottom .fullscreen-slider{max-height:700px}
.slider_mgs_carousel .owl-item .slide-text{left:15px;right:15px}
.slider_mgs_carousel .owl-item .item-image{background-position: center}
@media (max-width: 767px) {
.bottom .fullscreen-slider{height:unset !important}
.slide-text .big-text, .slide-text h2,.fullscreen-slider .slide-text h2, .fullscreen-slider .slide-text .big-text{font-size:20px}
.slider_mgs_carousel.owl-carousel .owl-dots,.slide-text .sub-title{display:none}
}
.header .search-form.not-full .form-search .form.minisearch .input-text{position: static;}
.search-form:not(.not-full) .mgs-instant-search-dropdown{top: calc(100% + 20px)}
.header .logo-left-header .logo{margin:0}
@media (max-width: 991px){.cms-index-index .header.header6:not(.active-sticky){position: relative}}
@media (max-width: 1199px){.header5 .switchers{display: none !important}}
.product-item form .swatch-input, .product-options-wrapper .swatch-attribute .swatch-input{display: block;opacity:0;height:0}
.header.active-sticky {position: fixed !important}
.vertical-menu.nav>li>a{padding-left:25px}
.customer-account-create .account-social-login{margin-top:40px}
.catalog-product-view .product.media {height: auto !important;}
@media (min-width: 1200px){.menu_vertical_fixed .header.header5.fixed-bottom{position: fixed !important;}}
.mfp-iframe-scaler iframe{box-shadow: none;}
.header{position: absolute !important}
@media (max-width: 767px) {
    .lookbook_banner {
        min-height: unset;
        height: 100vh;
        max-height: 100vw;
    }
}
body._has-modal-custom:before{content:none}
.dropdown-backdrop{display:none}
/* Filter 2 coloumns responsive */
@media (max-width: 991px) {
  body:not(.page-layout-1column) .toolbar .sorter {
    text-align: right !important;
  }
  .catalog-category-view.page-layout-3columns .category-product-actions .toolbar.toolbar-products,
  .catalog-category-view.page-layout-2columns-right .category-product-actions .toolbar.toolbar-products,
  .catalog-category-view.page-layout-2columns-left .category-product-actions .toolbar.toolbar-products {
    float: left;
    width: 80%;
  }
  .catalog-category-view.page-layout-3columns .category-product-actions .filter-toggle,
  .catalog-category-view.page-layout-2columns-right .category-product-actions .filter-toggle,
  .catalog-category-view.page-layout-2columns-left .category-product-actions .filter-toggle {
    display: block;
    float: left;
    width: 20%;
  }
  .catalog-category-view.page-layout-3columns .category-product-actions .filter-toggle .title,
  .catalog-category-view.page-layout-2columns-right .category-product-actions .filter-toggle .title,
  .catalog-category-view.page-layout-2columns-left .category-product-actions .filter-toggle .title {
    font-size: 36px;
    cursor: pointer;
    line-height: 1;
    color: #222;
  }
  .catalog-category-view.page-layout-3columns .category-product-actions .filter-toggle .title:after,
  .catalog-category-view.page-layout-2columns-right .category-product-actions .filter-toggle .title:after,
  .catalog-category-view.page-layout-2columns-left .category-product-actions .filter-toggle .title:after {
    position: fixed;
    left: 0;
    right: 0;
    top: 0;
    bottom: 0;
    background-color: #000;
    opacity: 0;
    display: block;
    content: "";
    z-index: 998;
    visibility: hidden;
    transition: all 300ms;
    -webkit-transition: all 300ms;
    -moz-transition: all 300ms;
    -o-transition: all 300ms;
  }
  .catalog-category-view.page-layout-3columns .category-product-actions .filter-toggle .title > span,
  .catalog-category-view.page-layout-2columns-right .category-product-actions .filter-toggle .title > span,
  .catalog-category-view.page-layout-2columns-left .category-product-actions .filter-toggle .title > span {
    transform: rotate(-90deg);
    -webkit-transform: rotate(-90deg);
    -moz-transform: rotate(-90deg);
    -o-transform: rotate(-90deg);
  }
  .catalog-category-view.page-layout-3columns .block.filter .block-content.filter-content,
  .catalog-category-view.page-layout-2columns-right .block.filter .block-content.filter-content,
  .catalog-category-view.page-layout-2columns-left .block.filter .block-content.filter-content {
    background: #fff;
    top: 0;
    bottom: 0;
    width: 320px;
    left: 0;
    right: auto;
    position: fixed;
    z-index: 999;
    opacity: 0;
    visibility: hidden;
    transform: translateX(-100%);
    -webkit-transform: translateX(-100%);
    -moz-transform: translateX(-100%);
    -o-transform: translateX(-100%);
    transition: all 300ms;
    -webkit-transition: all 300ms;
    -moz-transition: all 300ms;
    -o-transition: all 300ms;
    padding: 15px;
  }
  .filter-open .catalog-category-view.page-layout-3columns .block.filter .block-content.filter-content,
  .filter-open .catalog-category-view.page-layout-2columns-right .block.filter .block-content.filter-content,
  .filter-open .catalog-category-view.page-layout-2columns-left .block.filter .block-content.filter-content {
    opacity: 1;
    visibility: visible;
    transform: translateX(0);
    -webkit-transform: translateX(0);
    -moz-transform: translateX(0);
    -o-transform: translateX(0);
  }
  .filter-open .catalog-category-view.page-layout-3columns .category-product-actions .filter-toggle .title:after,
  .filter-open .catalog-category-view.page-layout-2columns-right .category-product-actions .filter-toggle .title:after,
  .filter-open .catalog-category-view.page-layout-2columns-left .category-product-actions .filter-toggle .title:after {
    opacity: 0.8;
    visibility: visible;
  }
}
.category-product-actions:after{display: table;
    content: "";
    clear: both;}
@media (max-width: 991px){.filter-open .block.filter .block-content.filter-content{ overflow-y: scroll}}
.block-dashboard-addresses{margin-bottom:60px}
.nav>li>a:hover, .nav>li>a:focus{background:none}
.nav>li>strong{color: #56cfe1;    padding: 10px 0;display: inline-block}
.nav>li>a{padding: 10px 0}
.sidebar .block .block-title.account-nav-title .title>i{display:none}

.modal_newsletter_popup.modal-popup .newsletter_popup .block-popup-subscribe {
  max-height: 100vh;
  overflow-y: auto;
}
.modal_newsletter_popup.modal-popup .newsletter_popup {
  max-width: calc(100% - 30px);
}
@media (max-width: 767px) {
  .modal_newsletter_popup.modal-popup .newsletter-popup-content p {
    font-size: 0;
  }
}
.mfp-mgs-quickview-frame .mfp-iframe-scaler{padding-top: 62%}
.owl-carousel .owl-nav > div{line-height: 34px}
.minicart-wrapper.active:after {
    opacity: 0.7;
}
.dark .header.header6 .megamenu-content,.dark  .header.header7 .megamenu-content {
background-color: #000;
}
.logo-item h1,
.logo h1 {
     font-size: initial;
}
.navigation .nav-main-menu li.mega-menu-fullwidth > ul.dropdown-menu .sub-menu .label-menu {position: static !important;display: inline-block;margin-left: 10px;transform: translateY(-8px);}
@media(min-width: 1199px) {
.page-header-sliders.template-1.fullscreen-slider  .inner-text {
padding-left: 70px;
}
}

@media(max-width: 1199px) {
    .block-minicart #minicart-content-wrapper .minicart-items-wrapper{
        max-height: calc(100vh - 300px) !important;
        overflow-y: scroll !important;
    }
}
.minicart-wrapper .block-content > .actions > .subtotal {
border-top: 0;
}

.header .logo-header .logo, .header .logo-left-header .logo, .mega-menu-item.megamenu-homelink .logo {
background-image: none !important;
}
#st_gdpr_iframe{display: none !important}

.products.list .items.product-items {
    height: auto !important;
}
.mgs-blog-lastest-posts .owl-carousel .owl-item img.owl-lazy {
max-height: 195px;
}</style>
		</custom_style>
	</theme_setting>

</home>