<home>
	<section>
		<name><![CDATA[block43]]></name>
		<theme_name><![CDATA[]]></theme_name>
		<block_cols><![CDATA[12]]></block_cols>
		<tablet_cols><![CDATA[["12"]]]></tablet_cols>
		<mobile_cols><![CDATA[["12"]]]></mobile_cols>
		<block_class><![CDATA[[""]]]></block_class>
		<class><![CDATA[]]></class>
		<background><![CDATA[]]></background>
		<background_image><![CDATA[]]></background_image>
		<background_repeat><![CDATA[0]]></background_repeat>
		<background_cover><![CDATA[0]]></background_cover>
		<parallax><![CDATA[0]]></parallax>
		<fullwidth><![CDATA[1]]></fullwidth>
		<padding_top><![CDATA[]]></padding_top>
		<padding_bottom><![CDATA[30]]></padding_bottom>
		<block_position><![CDATA[1]]></block_position>
	</section>
	<section>
		<name><![CDATA[block44]]></name>
		<theme_name><![CDATA[]]></theme_name>
		<block_cols><![CDATA[6,6]]></block_cols>
		<tablet_cols><![CDATA[["6","6"]]]></tablet_cols>
		<mobile_cols><![CDATA[["12","12"]]]></mobile_cols>
		<block_class><![CDATA[["",""]]]></block_class>
		<class><![CDATA[padding-left30 padding-right30]]></class>
		<background><![CDATA[]]></background>
		<background_image><![CDATA[]]></background_image>
		<background_repeat><![CDATA[0]]></background_repeat>
		<background_cover><![CDATA[0]]></background_cover>
		<parallax><![CDATA[0]]></parallax>
		<fullwidth><![CDATA[1]]></fullwidth>
		<padding_top><![CDATA[]]></padding_top>
		<padding_bottom><![CDATA[60]]></padding_bottom>
		<block_position><![CDATA[2]]></block_position>
	</section>
	<section>
		<name><![CDATA[block45]]></name>
		<theme_name><![CDATA[]]></theme_name>
		<block_cols><![CDATA[12]]></block_cols>
		<tablet_cols><![CDATA[["12"]]]></tablet_cols>
		<mobile_cols><![CDATA[["12"]]]></mobile_cols>
		<block_class><![CDATA[[""]]]></block_class>
		<class><![CDATA[]]></class>
		<background><![CDATA[]]></background>
		<background_image><![CDATA[]]></background_image>
		<background_repeat><![CDATA[0]]></background_repeat>
		<background_cover><![CDATA[0]]></background_cover>
		<parallax><![CDATA[0]]></parallax>
		<fullwidth><![CDATA[0]]></fullwidth>
		<padding_top><![CDATA[]]></padding_top>
		<padding_bottom><![CDATA[40]]></padding_bottom>
		<block_position><![CDATA[3]]></block_position>
	</section>
	<section>
		<name><![CDATA[block46]]></name>
		<theme_name><![CDATA[]]></theme_name>
		<block_cols><![CDATA[12]]></block_cols>
		<tablet_cols><![CDATA[["12"]]]></tablet_cols>
		<mobile_cols><![CDATA[["12"]]]></mobile_cols>
		<block_class><![CDATA[[""]]]></block_class>
		<class><![CDATA[]]></class>
		<background><![CDATA[]]></background>
		<background_image><![CDATA[]]></background_image>
		<background_repeat><![CDATA[0]]></background_repeat>
		<background_cover><![CDATA[0]]></background_cover>
		<parallax><![CDATA[0]]></parallax>
		<fullwidth><![CDATA[0]]></fullwidth>
		<padding_top><![CDATA[]]></padding_top>
		<padding_bottom><![CDATA[60]]></padding_bottom>
		<block_position><![CDATA[4]]></block_position>
	</section>
	<section>
		<name><![CDATA[block47]]></name>
		<theme_name><![CDATA[]]></theme_name>
		<block_cols><![CDATA[12]]></block_cols>
		<tablet_cols><![CDATA[["12"]]]></tablet_cols>
		<mobile_cols><![CDATA[["12"]]]></mobile_cols>
		<block_class><![CDATA[[""]]]></block_class>
		<class><![CDATA[testimonial-home-v]]></class>
		<background><![CDATA[]]></background>
		<background_image><![CDATA[/t/e/testimonial-background.jpg]]></background_image>
		<background_repeat><![CDATA[0]]></background_repeat>
		<background_cover><![CDATA[1]]></background_cover>
		<parallax><![CDATA[0]]></parallax>
		<fullwidth><![CDATA[0]]></fullwidth>
		<padding_top><![CDATA[50]]></padding_top>
		<padding_bottom><![CDATA[50]]></padding_bottom>
		<block_position><![CDATA[5]]></block_position>
	</section>
	<section>
		<name><![CDATA[block48]]></name>
		<theme_name><![CDATA[]]></theme_name>
		<block_cols><![CDATA[12]]></block_cols>
		<tablet_cols><![CDATA[["12"]]]></tablet_cols>
		<mobile_cols><![CDATA[["12"]]]></mobile_cols>
		<block_class><![CDATA[[""]]]></block_class>
		<class><![CDATA[]]></class>
		<background><![CDATA[]]></background>
		<background_image><![CDATA[]]></background_image>
		<background_repeat><![CDATA[0]]></background_repeat>
		<background_cover><![CDATA[0]]></background_cover>
		<parallax><![CDATA[0]]></parallax>
		<fullwidth><![CDATA[0]]></fullwidth>
		<padding_top><![CDATA[60]]></padding_top>
		<padding_bottom><![CDATA[60]]></padding_bottom>
		<block_position><![CDATA[6]]></block_position>
	</section>
	<block>
		<block_name><![CDATA[block43-0]]></block_name>
		<type><![CDATA[owl_banner]]></type>
		<position><![CDATA[1]]></position>
		<setting><![CDATA[{"block_link":"","animation":"","animation_delay":"","removeimg":["","","","","","","","","","","","","","","","","","","","","","","","","","","","","","","","","","","","","","","","","","","","","","",""],"html_slider":"<div data-text-position=\"middle_left\" data-text-animate=\"slideInLeft\" class=\"item slideInLeft\"><a style=\"background-image:url(http:\/\/themes.magesolution.com\/claue\/m2\/pub\/media\/wysiwyg\/slider\/sliderhv1.jpg)\" class=\"item-image\" href=\"\"><img class=\"img-responsive\" src=\"http:\/\/themes.magesolution.com\/claue\/m2\/pub\/media\/wysiwyg\/slider\/sliderhv1.jpg\" alt=\"\"><\/a><div class=\"container slide-text middle_left\"><div class=\"inner-text\"><h5 class=\"sub-title\">Spring - Summer 2020<\/h5>\r\n<h2>FLASH SALE OF 70%<\/h2>\r\n<p>Duis aute irure dolor in reprehenderit in voluptate velit essecillum dolore \r\neu fugiat nulla pariatur. Excepteur sint occaecat cupidatat nonproident<\/p>\r\n<a href=\"#\" class=\"btn btn-default\">Shop now<\/a><\/div><\/div><\/div><div data-text-position=\"middle_left\" data-text-animate=\"slideInDown\" class=\"item slideInDown\"><a style=\"background-image:url(http:\/\/themes.magesolution.com\/claue\/m2\/pub\/media\/wysiwyg\/slider\/sliderhv2.jpg)\" class=\"item-image\" href=\"\"><img class=\"img-responsive\" src=\"http:\/\/themes.magesolution.com\/claue\/m2\/pub\/media\/wysiwyg\/slider\/sliderhv2.jpg\" alt=\"\"><\/a><div class=\"container slide-text middle_left\"><div class=\"inner-text\"><h5 class=\"sub-title\">Spring - Summer 2020<\/h5>\r\n<h2>FLASH SALE OF 70%<\/h2>\r\n<p>Duis aute irure dolor in reprehenderit in voluptate velit essecillum dolore \r\neu fugiat nulla pariatur. Excepteur sint occaecat cupidatat nonproident<\/p>\r\n<a href=\"#\" class=\"btn btn-default\">Shop now<\/a><\/div><\/div><\/div><div data-text-position=\"middle_left\" data-text-animate=\"slideInUp\" class=\"item slideInUp\"><a style=\"background-image:url(http:\/\/themes.magesolution.com\/claue\/m2\/pub\/media\/wysiwyg\/slider\/sliderhv3.jpg)\" class=\"item-image\" href=\"\"><img class=\"img-responsive\" src=\"http:\/\/themes.magesolution.com\/claue\/m2\/pub\/media\/wysiwyg\/slider\/sliderhv3.jpg\" alt=\"\"><\/a><div class=\"container slide-text middle_left\"><div class=\"inner-text\"><h5 class=\"sub-title\">Spring - Summer 2020<\/h5>\r\n<h2>FLASH SALE OF 70%<\/h2>\r\n<p>Duis aute irure dolor in reprehenderit in voluptate velit essecillum dolore \r\neu fugiat nulla pariatur. Excepteur sint occaecat cupidatat nonproident<\/p>\r\n<a href=\"#\" class=\"btn btn-default\">Shop now<\/a><\/div><\/div><\/div>","offset":"","effect":"1","speed":"","navtemple":"1","fullscreen":0,"autoplay":0,"stop_auto":0,"navigation":0,"pagination":0,"loop":0,"fullheight":0}]]></setting>
		<col><![CDATA[12]]></col>
		<class><![CDATA[]]></class>
		<block_content><![CDATA[{{block class="MGS\Mpanel\Block\Widget\OwlCarousel" fullscreen="0" autoplay="0" stop_auto="0" navigation="0" offset="" fullheight="0" pagination="0" loop="0" speed="" html_slider="&lt;div data-text-position=&quot;middle_left&quot; data-text-animate=&quot;slideInLeft&quot; class=&quot;item slideInLeft&quot;&gt;&lt;a style=&quot;background-image:url(http:\/\/themes.magesolution.com\/claue\/m2\/pub/media/wysiwyg/slider/sliderhv1.jpg)&quot; class=&quot;item-image&quot; href=&quot;&quot;&gt;&lt;img class=&quot;img-responsive&quot; src=&quot;http://localhost/claue/pub/media/wysiwyg/slider/sliderhv1.jpg&quot; alt=&quot;&quot;&gt;&lt;/a&gt;&lt;div class=&quot;container slide-text middle_left&quot;&gt;&lt;div class=&quot;inner-text&quot;&gt;&lt;h5 class=&quot;sub-title&quot;&gt;Spring - Summer 2020&lt;/h5&gt;
&lt;h2&gt;FLASH SALE OF 70%&lt;/h2&gt;
&lt;p&gt;Duis aute irure dolor in reprehenderit in voluptate velit essecillum dolore 
eu fugiat nulla pariatur. Excepteur sint occaecat cupidatat nonproident&lt;/p&gt;
&lt;a href=&quot;#&quot; class=&quot;btn btn-default&quot;&gt;Shop now&lt;/a&gt;&lt;/div&gt;&lt;/div&gt;&lt;/div&gt;&lt;div data-text-position=&quot;middle_left&quot; data-text-animate=&quot;slideInDown&quot; class=&quot;item slideInDown&quot;&gt;&lt;a style=&quot;background-image:url(http:\/\/themes.magesolution.com\/claue\/m2\/pub/media/wysiwyg/slider/sliderhv2.jpg)&quot; class=&quot;item-image&quot; href=&quot;&quot;&gt;&lt;img class=&quot;img-responsive&quot; src=&quot;http://localhost/claue/pub/media/wysiwyg/slider/sliderhv2.jpg&quot; alt=&quot;&quot;&gt;&lt;/a&gt;&lt;div class=&quot;container slide-text middle_left&quot;&gt;&lt;div class=&quot;inner-text&quot;&gt;&lt;h5 class=&quot;sub-title&quot;&gt;Spring - Summer 2020&lt;/h5&gt;
&lt;h2&gt;FLASH SALE OF 70%&lt;/h2&gt;
&lt;p&gt;Duis aute irure dolor in reprehenderit in voluptate velit essecillum dolore 
eu fugiat nulla pariatur. Excepteur sint occaecat cupidatat nonproident&lt;/p&gt;
&lt;a href=&quot;#&quot; class=&quot;btn btn-default&quot;&gt;Shop now&lt;/a&gt;&lt;/div&gt;&lt;/div&gt;&lt;/div&gt;&lt;div data-text-position=&quot;middle_left&quot; data-text-animate=&quot;slideInUp&quot; class=&quot;item slideInUp&quot;&gt;&lt;a style=&quot;background-image:url(http:\/\/themes.magesolution.com\/claue\/m2\/pub/media/wysiwyg/slider/sliderhv3.jpg)&quot; class=&quot;item-image&quot; href=&quot;&quot;&gt;&lt;img class=&quot;img-responsive&quot; src=&quot;http://localhost/claue/pub/media/wysiwyg/slider/sliderhv3.jpg&quot; alt=&quot;&quot;&gt;&lt;/a&gt;&lt;div class=&quot;container slide-text middle_left&quot;&gt;&lt;div class=&quot;inner-text&quot;&gt;&lt;h5 class=&quot;sub-title&quot;&gt;Spring - Summer 2020&lt;/h5&gt;
&lt;h2&gt;FLASH SALE OF 70%&lt;/h2&gt;
&lt;p&gt;Duis aute irure dolor in reprehenderit in voluptate velit essecillum dolore 
eu fugiat nulla pariatur. Excepteur sint occaecat cupidatat nonproident&lt;/p&gt;
&lt;a href=&quot;#&quot; class=&quot;btn btn-default&quot;&gt;Shop now&lt;/a&gt;&lt;/div&gt;&lt;/div&gt;&lt;/div&gt;" navtemple="1" effect="1" template="widget/owl_slider.phtml"}}]]></block_content>
	</block>
	<block>
		<block_name><![CDATA[block44-0]]></block_name>
		<type><![CDATA[promo_banner]]></type>
		<position><![CDATA[1]]></position>
		<setting><![CDATA[{"animation":"","animation_delay":"","text_colour":"","link_colour":"","link_hover_colour":"","button_colour":"","button_hover_colour":"","button_text_colour":"","button_text_hover_colour":"","button_border_colour":"","button_border_hover_colour":"","banner_id":"clothes-collection-2019\/20"}]]></setting>
		<col><![CDATA[12]]></col>
		<class><![CDATA[promobanner-home-v margin-bottom30]]></class>
		<block_content><![CDATA[{{widget type="MGS\Promobanners\Block\Widget\Banner" banner_id="clothes-collection-2019/20" template="banner.phtml"}}]]></block_content>
	</block>
	<block>
		<block_name><![CDATA[block44-1]]></block_name>
		<type><![CDATA[promo_banner]]></type>
		<position><![CDATA[1]]></position>
		<setting><![CDATA[{"animation":"","animation_delay":"","text_colour":"","link_colour":"","link_hover_colour":"","button_colour":"","button_hover_colour":"","button_text_colour":"","button_text_hover_colour":"","button_border_colour":"","button_border_hover_colour":"","banner_id":"accessories-2019\/20"}]]></setting>
		<col><![CDATA[12]]></col>
		<class><![CDATA[promobanner-home-v margin-bottom30]]></class>
		<block_content><![CDATA[{{widget type="MGS\Promobanners\Block\Widget\Banner" banner_id="accessories-2019/20" template="banner.phtml"}}]]></block_content>
	</block>
	<block>
		<block_name><![CDATA[block45-0]]></block_name>
		<type><![CDATA[attribute_products]]></type>
		<position><![CDATA[1]]></position>
		<setting><![CDATA[{"title":"TRENDING","additional_content":"Top view in this week","animation":"","animation_delay":"","attribute":"trending","limit":"4","perrow":"4","numbercol":"1","percol":"","template":"grid.phtml","ratio":"4","number_row":"1","text_colour":"","link_colour":"","link_hover_colour":"","button_colour":"","button_hover_colour":"","button_text_colour":"","button_text_hover_colour":"","button_border_colour":"","button_border_hover_colour":"","use_slider":0,"autoplay":0,"stop_auto":0,"navigation":0,"pagination":0,"use_tabs":0,"loadmore":0}]]></setting>
		<col><![CDATA[12]]></col>
		<class><![CDATA[attribute-product-cat-block]]></class>
		<block_content><![CDATA[{{block class="MGS\Mpanel\Block\Products\Attributes" mgs_panel_title="TRENDING" mgs_panel_note="Top view in this week" limit="4" ratio="4" category_ids="" attribute="trending" use_slider="0" loadmore="0" template="products/attribute/grid.phtml" perrow="4"}}]]></block_content>
	</block>
	<block>
		<block_name><![CDATA[block46-0]]></block_name>
		<type><![CDATA[brands]]></type>
		<position><![CDATA[1]]></position>
		<setting><![CDATA[{"title":"","additional_content":"","animation":"","animation_delay":"","limit":"6","perrow":"6","brand_by":"all","use_slider":"1","number_row":"1","autoplay":"1","navigation":"1","stop_auto":0,"pagination":0}]]></setting>
		<col><![CDATA[12]]></col>
		<class><![CDATA[]]></class>
		<block_content><![CDATA[{{block class="MGS\Brand\Block\Widget\Home" mgs_panel_title="" mgs_panel_note="" limit="6" perrow="6" use_slider="1" brand_by="all" template="widget/home.phtml" autoplay="1" stop_auto="0" navigation="1" pagination="0" number_row="1"}}]]></block_content>
	</block>
	<block>
		<block_name><![CDATA[block47-0]]></block_name>
		<type><![CDATA[testimonial]]></type>
		<position><![CDATA[1]]></position>
		<setting><![CDATA[{"title":"WHAT THEY\u2019RE SAYING","additional_content":"","animation":"","animation_delay":"","limit":"5","perrow":"1","template":"center_content","use_slider":"1","number_row":"1","navigation":"1","show_avatar":0,"autoplay":0,"stop_auto":0,"pagination":0}]]></setting>
		<col><![CDATA[12]]></col>
		<class><![CDATA[]]></class>
		<block_content><![CDATA[{{block class="MGS\Testimonial\Block\Testimonial" mgs_panel_title="WHAT THEY’RE SAYING" mgs_panel_note="" testimonials_count="5" perrow="1" show_avatar="0" use_slider="1" template_mode="center_content" template="grid.phtml" autoplay="0" stop_auto="0" navigation="1" pagination="0"}}]]></block_content>
	</block>
	<block>
		<block_name><![CDATA[block48-0]]></block_name>
		<type><![CDATA[static]]></type>
		<position><![CDATA[1]]></position>
		<setting><![CDATA[{"animation":"","animation_delay":""}]]></setting>
		<col><![CDATA[12]]></col>
		<class><![CDATA[]]></class>
		<block_content><![CDATA[<div class="row">
<div class="col-lg-3 col-md-3 col-sm-6 col-xs-12 margin-bottom30">
<div class="row">
<div class="panel-block-row col-md-12 col-xs-12">
<div class="icon-service">
<div class="icon"><i class="pe-7s-car">&nbsp;</i></div>
<div class="text">
<h6 class="margin-bottom5">FREE SHIPPING</h6>
<p class="no-margin">Free shipping on all US order or order above $200</p>
</div>
</div>
</div>
</div>
</div>
<div class="col-lg-3 col-md-3 col-sm-6 col-xs-12 margin-bottom30">
<div class="row">
<div class="panel-block-row col-md-12 col-xs-12">
<div class="icon-service">
<div class="icon"><i class="pe-7s-help2">&nbsp;</i></div>
<div class="text">
<h6 class="margin-bottom5">SUPPORT 24/7</h6>
<p class="no-margin">Contact us 24 hours a day, 7 days a week</p>
</div>
</div>
</div>
</div>
</div>
<div class="col-lg-3 col-md-3 col-sm-6 col-xs-12 margin-bottom30 first-sm-item">
<div class="row">
<div class="panel-block-row col-md-12 col-xs-12">
<div class="icon-service">
<div class="icon"><i class="pe-7s-refresh">&nbsp;</i></div>
<div class="text">
<h6 class="margin-bottom5">30 DAYS RETURN</h6>
<p class="no-margin">Simply return it within 30 days for an exchange.</p>
</div>
</div>
</div>
</div>
</div>
<div class="col-lg-3 col-md-3 col-sm-6 col-xs-12 margin-bottom30">
<div class="row">
<div class="panel-block-row col-md-12 col-xs-12">
<div class="icon-service">
<div class="icon"><i class="pe-7s-door-lock">&nbsp;</i></div>
<div class="text">
<h6 class="margin-bottom5">100% PAYMENT SECURE</h6>
<p class="no-margin">We ensure secure payment with PEV</p>
</div>
</div>
</div>
</div>
</div>
</div>]]></block_content>
	</block>
	<promo_banner>
		<item>
			<title><![CDATA[Clothes Collection 2019/20]]></title>
			<filename><![CDATA[/p/r/prmbn2.jpg]]></filename>
			<url><![CDATA[]]></url>
			<button><![CDATA[]]></button>
			<text_align><![CDATA[top-middle]]></text_align>
			<content><![CDATA[<h3 class="fwm margin-bottom20 ls__1 lh__1" style="font-size:18px; color:#222222;">
New Arrivals</h3>
<h4>Clothes Collection 2019/20</h4>
<a href="#" class="btn btn-default">Shop now</a>
]]></content>
			<effect><![CDATA[border-zoom]]></effect>
			<custom_class><![CDATA[]]></custom_class>
			<status><![CDATA[1]]></status>
			<identifier><![CDATA[clothes-collection-2019/20]]></identifier>
		</item>
		<item>
			<title><![CDATA[Accessories 2019/20]]></title>
			<filename><![CDATA[/p/r/prmbn1.jpg]]></filename>
			<url><![CDATA[]]></url>
			<button><![CDATA[]]></button>
			<text_align><![CDATA[top-middle]]></text_align>
			<content><![CDATA[<h3 class="fwm margin-bottom10 ls__1 lh__1" style="font-size:18px; color:#222222;">The Accessory Update</h3>
<h4>Accessories 2019/20</h4>
<a href="#" class="btn btn-default">Shop now</a>]]></content>
			<effect><![CDATA[border-zoom]]></effect>
			<custom_class><![CDATA[]]></custom_class>
			<status><![CDATA[1]]></status>
			<identifier><![CDATA[accessories-2019/20]]></identifier>
		</item>
	</promo_banner>
	<theme_setting>
		<general>
			<header>header_3</header>
		</general>
		<custom_style>
			<style></style>
		</custom_style>
	</theme_setting>

</home>