<home>
	<section>
		<name><![CDATA[block110]]></name>
		<theme_name><![CDATA[]]></theme_name>
		<block_cols><![CDATA[12]]></block_cols>
		<tablet_cols><![CDATA[["12"]]]></tablet_cols>
		<mobile_cols><![CDATA[["12"]]]></mobile_cols>
		<block_class><![CDATA[[""]]]></block_class>
		<class><![CDATA[slider-hu3]]></class>
		<background><![CDATA[]]></background>
		<background_image><![CDATA[]]></background_image>
		<background_repeat><![CDATA[0]]></background_repeat>
		<background_cover><![CDATA[0]]></background_cover>
		<parallax><![CDATA[0]]></parallax>
		<fullwidth><![CDATA[0]]></fullwidth>
		<padding_top><![CDATA[]]></padding_top>
		<padding_bottom><![CDATA[30]]></padding_bottom>
		<block_position><![CDATA[1]]></block_position>
	</section>
	<section>
		<name><![CDATA[block111]]></name>
		<theme_name><![CDATA[]]></theme_name>
		<block_cols><![CDATA[6,6]]></block_cols>
		<tablet_cols><![CDATA[["6","6"]]]></tablet_cols>
		<mobile_cols><![CDATA[["12","12"]]]></mobile_cols>
		<block_class><![CDATA[["margin-bottom30",""]]]></block_class>
		<class><![CDATA[]]></class>
		<background><![CDATA[]]></background>
		<background_image><![CDATA[]]></background_image>
		<background_repeat><![CDATA[0]]></background_repeat>
		<background_cover><![CDATA[0]]></background_cover>
		<parallax><![CDATA[0]]></parallax>
		<fullwidth><![CDATA[0]]></fullwidth>
		<padding_top><![CDATA[]]></padding_top>
		<padding_bottom><![CDATA[]]></padding_bottom>
		<block_position><![CDATA[2]]></block_position>
	</section>
	<block>
		<block_name><![CDATA[block110-0]]></block_name>
		<type><![CDATA[owl_banner]]></type>
		<position><![CDATA[1]]></position>
		<setting><![CDATA[{"block_link":"","animation":"","animation_delay":"","removeimg":["","","","","","","","","","","","","","","","","","","","","","","","","","","","","","","","","","","","","","","","","","","","","","","","",""],"html_slider":"<div data-text-position=\"middle_left\" data-text-animate=\"slideInLeft\" class=\"item slideInLeft\"><a class=\"item-image\" href=\"\" style=\"background-image:url(http:\/\/themes.magesolution.com\/claue\/m2\/pub\/media\/wysiwyg\/slider\/slider4_2.jpg)\"><img class=\"img-responsive\" src=\"http:\/\/themes.magesolution.com\/claue\/m2\/pub\/media\/wysiwyg\/slider\/slider4_2.jpg\" alt=\"\"><\/a><div class=\"container slide-text middle_left\"><div class=\"inner-text\"><div class=\"inner-text\"><h5 class=\"sub-title\">Spring - Summer 2020<\/h5>\r\n<h2 class=\"big-text\">FLASH SALE  <\/h2>\r\n<a href=\"#\" class=\"btn btn-default\">Shop now<\/a><\/div><\/div><\/div><\/div>","offset":"","effect":"1","speed":"","navtemple":"1","fullscreen":0,"autoplay":0,"stop_auto":0,"navigation":0,"pagination":0,"loop":0,"fullheight":0}]]></setting>
		<col><![CDATA[12]]></col>
		<class><![CDATA[]]></class>
		<block_content><![CDATA[{{block class="MGS\Mpanel\Block\Widget\OwlCarousel" fullscreen="0" autoplay="0" stop_auto="0" navigation="0" offset="" fullheight="0" pagination="0" loop="0" speed="" html_slider="&lt;div data-text-position=&quot;middle_left&quot; data-text-animate=&quot;slideInLeft&quot; class=&quot;item slideInLeft&quot;&gt;&lt;a class=&quot;item-image&quot; href=&quot;&quot; style=&quot;background-image:url(http:\/\/themes.magesolution.com\/claue\/m2\/pub/media/wysiwyg/slider/slider4_2.jpg)&quot;&gt;&lt;img class=&quot;img-responsive&quot; src=&quot;pub/media/wysiwyg/slider/slider4_2.jpg&quot; alt=&quot;&quot;&gt;&lt;/a&gt;&lt;div class=&quot;container slide-text middle_left&quot;&gt;&lt;div class=&quot;inner-text&quot;&gt;&lt;div class=&quot;inner-text&quot;&gt;&lt;h5 class=&quot;sub-title&quot;&gt;Spring - Summer 2020&lt;/h5&gt;
&lt;h2 class=&quot;big-text&quot;&gt;FLASH SALE  &lt;/h2&gt;
&lt;a href=&quot;#&quot; class=&quot;btn btn-default&quot;&gt;Shop now&lt;/a&gt;&lt;/div&gt;&lt;/div&gt;&lt;/div&gt;&lt;/div&gt;" navtemple="1" effect="1" template="widget/owl_slider.phtml"}}]]></block_content>
	</block>
	<block>
		<block_name><![CDATA[block111-0]]></block_name>
		<type><![CDATA[promo_banner]]></type>
		<position><![CDATA[1]]></position>
		<setting><![CDATA[{"animation":"","animation_delay":"","text_colour":"","link_colour":"","link_hover_colour":"","button_colour":"","button_hover_colour":"","button_text_colour":"","button_text_hover_colour":"","button_border_colour":"","button_border_hover_colour":"","banner_id":"faill-winter-clearance-sales"}]]></setting>
		<col><![CDATA[12]]></col>
		<class><![CDATA[promobanner-hu3]]></class>
		<block_content><![CDATA[{{widget type="MGS\Promobanners\Block\Widget\Banner" banner_id="faill-winter-clearance-sales" template="banner.phtml"}}]]></block_content>
	</block>
	<block>
		<block_name><![CDATA[block111-1]]></block_name>
		<type><![CDATA[promo_banner]]></type>
		<position><![CDATA[1]]></position>
		<setting><![CDATA[{"animation":"","animation_delay":"","text_colour":"","link_colour":"","link_hover_colour":"","button_colour":"","button_hover_colour":"","button_text_colour":"","button_text_hover_colour":"","button_border_colour":"","button_border_hover_colour":"","banner_id":"new-arrivals-2020"}]]></setting>
		<col><![CDATA[12]]></col>
		<class><![CDATA[promobanner-hu3]]></class>
		<block_content><![CDATA[{{widget type="MGS\Promobanners\Block\Widget\Banner" banner_id="new-arrivals-2020" template="banner.phtml"}}]]></block_content>
	</block>
	<promo_banner>
		<item>
			<title><![CDATA[FALL-WINTER CLEARANCE SALES]]></title>
			<filename><![CDATA[/d/e/demo2_summer.jpg]]></filename>
			<url><![CDATA[]]></url>
			<button><![CDATA[]]></button>
			<text_align><![CDATA[middle-center]]></text_align>
			<content><![CDATA[<div class="content">
<h4 class="sub-text"">FALL-WINTER CLEARANCE SALES</h4>
<h2 class="title">GET UP TO <span  class="title-primary">50% OFF</span></h2>
</div>]]></content>
			<effect><![CDATA[zoom]]></effect>
			<custom_class><![CDATA[]]></custom_class>
			<status><![CDATA[1]]></status>
			<identifier><![CDATA[faill-winter-clearance-sales]]></identifier>
		</item>
		<item>
			<title><![CDATA[New Arrivals 2020]]></title>
			<filename><![CDATA[/d/e/demo2_winter.jpg]]></filename>
			<url><![CDATA[]]></url>
			<button><![CDATA[]]></button>
			<text_align><![CDATA[middle-center]]></text_align>
			<content><![CDATA[<div class="content">
<h4 class="sub-text"">Autumn <span  class="title-primary">2020</span></h4>
<h2 class="title">GET UP TO 50% OFF</h2>
</div>]]></content>
			<effect><![CDATA[zoom]]></effect>
			<custom_class><![CDATA[]]></custom_class>
			<status><![CDATA[1]]></status>
			<identifier><![CDATA[new-arrivals-2020]]></identifier>
		</item>
	</promo_banner>
	<theme_setting>
		<general>
			<footer>footer_5</footer>
			<header>header_8</header>
		</general>
	</theme_setting>

</home>