<home>
	<section>
		<name><![CDATA[block25]]></name>
		<theme_name><![CDATA[]]></theme_name>
		<block_cols><![CDATA[12]]></block_cols>
		<tablet_cols><![CDATA[["12"]]]></tablet_cols>
		<mobile_cols><![CDATA[["12"]]]></mobile_cols>
		<block_class><![CDATA[[""]]]></block_class>
		<class><![CDATA[]]></class>
		<background><![CDATA[]]></background>
		<background_image><![CDATA[]]></background_image>
		<background_repeat><![CDATA[0]]></background_repeat>
		<background_cover><![CDATA[0]]></background_cover>
		<parallax><![CDATA[0]]></parallax>
		<fullwidth><![CDATA[1]]></fullwidth>
		<padding_top><![CDATA[]]></padding_top>
		<padding_bottom><![CDATA[]]></padding_bottom>
		<block_position><![CDATA[1]]></block_position>
	</section>
	<section>
		<name><![CDATA[block26]]></name>
		<theme_name><![CDATA[]]></theme_name>
		<block_cols><![CDATA[3,3,3,3]]></block_cols>
		<tablet_cols><![CDATA[["6","6","6","6"]]]></tablet_cols>
		<mobile_cols><![CDATA[["12","12","12","12"]]]></mobile_cols>
		<block_class><![CDATA[["margin-bottom30","margin-bottom30","margin-bottom30","margin-bottom30"]]]></block_class>
		<class><![CDATA[padding-left30 padding-right30]]></class>
		<background><![CDATA[]]></background>
		<background_image><![CDATA[]]></background_image>
		<background_repeat><![CDATA[0]]></background_repeat>
		<background_cover><![CDATA[0]]></background_cover>
		<parallax><![CDATA[0]]></parallax>
		<fullwidth><![CDATA[1]]></fullwidth>
		<padding_top><![CDATA[35]]></padding_top>
		<padding_bottom><![CDATA[]]></padding_bottom>
		<block_position><![CDATA[2]]></block_position>
	</section>
	<section>
		<name><![CDATA[block27]]></name>
		<theme_name><![CDATA[]]></theme_name>
		<block_cols><![CDATA[4,4,4]]></block_cols>
		<tablet_cols><![CDATA[["6","6","12"]]]></tablet_cols>
		<mobile_cols><![CDATA[["12","12","12"]]]></mobile_cols>
		<block_class><![CDATA[["margin-bottom30","margin-bottom30 pull-right","margin-bottom30"]]]></block_class>
		<class><![CDATA[]]></class>
		<background><![CDATA[]]></background>
		<background_image><![CDATA[]]></background_image>
		<background_repeat><![CDATA[0]]></background_repeat>
		<background_cover><![CDATA[0]]></background_cover>
		<parallax><![CDATA[0]]></parallax>
		<fullwidth><![CDATA[0]]></fullwidth>
		<padding_top><![CDATA[80]]></padding_top>
		<padding_bottom><![CDATA[]]></padding_bottom>
		<block_position><![CDATA[3]]></block_position>
	</section>
	<section>
		<name><![CDATA[block28]]></name>
		<theme_name><![CDATA[]]></theme_name>
		<block_cols><![CDATA[12]]></block_cols>
		<tablet_cols><![CDATA[["12"]]]></tablet_cols>
		<mobile_cols><![CDATA[["12"]]]></mobile_cols>
		<block_class><![CDATA[[""]]]></block_class>
		<class><![CDATA[]]></class>
		<background><![CDATA[]]></background>
		<background_image><![CDATA[]]></background_image>
		<background_repeat><![CDATA[0]]></background_repeat>
		<background_cover><![CDATA[0]]></background_cover>
		<parallax><![CDATA[0]]></parallax>
		<fullwidth><![CDATA[0]]></fullwidth>
		<padding_top><![CDATA[20]]></padding_top>
		<padding_bottom><![CDATA[]]></padding_bottom>
		<block_position><![CDATA[4]]></block_position>
	</section>
	<section>
		<name><![CDATA[block29]]></name>
		<theme_name><![CDATA[]]></theme_name>
		<block_cols><![CDATA[12]]></block_cols>
		<tablet_cols><![CDATA[["12"]]]></tablet_cols>
		<mobile_cols><![CDATA[["12"]]]></mobile_cols>
		<block_class><![CDATA[[""]]]></block_class>
		<class><![CDATA[]]></class>
		<background><![CDATA[]]></background>
		<background_image><![CDATA[]]></background_image>
		<background_repeat><![CDATA[0]]></background_repeat>
		<background_cover><![CDATA[0]]></background_cover>
		<parallax><![CDATA[0]]></parallax>
		<fullwidth><![CDATA[0]]></fullwidth>
		<padding_top><![CDATA[51]]></padding_top>
		<padding_bottom><![CDATA[]]></padding_bottom>
		<block_position><![CDATA[5]]></block_position>
	</section>
	<section>
		<name><![CDATA[block30]]></name>
		<theme_name><![CDATA[]]></theme_name>
		<block_cols><![CDATA[12]]></block_cols>
		<tablet_cols><![CDATA[["12"]]]></tablet_cols>
		<mobile_cols><![CDATA[["12"]]]></mobile_cols>
		<block_class><![CDATA[[""]]]></block_class>
		<class><![CDATA[]]></class>
		<background><![CDATA[]]></background>
		<background_image><![CDATA[]]></background_image>
		<background_repeat><![CDATA[0]]></background_repeat>
		<background_cover><![CDATA[0]]></background_cover>
		<parallax><![CDATA[0]]></parallax>
		<fullwidth><![CDATA[0]]></fullwidth>
		<padding_top><![CDATA[52]]></padding_top>
		<padding_bottom><![CDATA[34]]></padding_bottom>
		<block_position><![CDATA[6]]></block_position>
	</section>
	<section>
		<name><![CDATA[block31]]></name>
		<theme_name><![CDATA[]]></theme_name>
		<block_cols><![CDATA[12]]></block_cols>
		<tablet_cols><![CDATA[["12"]]]></tablet_cols>
		<mobile_cols><![CDATA[["12"]]]></mobile_cols>
		<block_class><![CDATA[[""]]]></block_class>
		<class><![CDATA[]]></class>
		<background><![CDATA[]]></background>
		<background_image><![CDATA[]]></background_image>
		<background_repeat><![CDATA[0]]></background_repeat>
		<background_cover><![CDATA[0]]></background_cover>
		<parallax><![CDATA[0]]></parallax>
		<fullwidth><![CDATA[1]]></fullwidth>
		<padding_top><![CDATA[51]]></padding_top>
		<padding_bottom><![CDATA[]]></padding_bottom>
		<block_position><![CDATA[7]]></block_position>
	</section>
	<section>
		<name><![CDATA[block32]]></name>
		<theme_name><![CDATA[]]></theme_name>
		<block_cols><![CDATA[3,3,3,3]]></block_cols>
		<tablet_cols><![CDATA[["6","6","6","6"]]]></tablet_cols>
		<mobile_cols><![CDATA[["12","12","12","12"]]]></mobile_cols>
		<block_class><![CDATA[["margin-bottom30","margin-bottom30","margin-bottom30","margin-bottom30"]]]></block_class>
		<class><![CDATA[]]></class>
		<background><![CDATA[]]></background>
		<background_image><![CDATA[]]></background_image>
		<background_repeat><![CDATA[0]]></background_repeat>
		<background_cover><![CDATA[0]]></background_cover>
		<parallax><![CDATA[0]]></parallax>
		<fullwidth><![CDATA[0]]></fullwidth>
		<padding_top><![CDATA[45]]></padding_top>
		<padding_bottom><![CDATA[2]]></padding_bottom>
		<block_position><![CDATA[8]]></block_position>
	</section>
	<block>
		<block_name><![CDATA[block26-0]]></block_name>
		<type><![CDATA[promo_banner]]></type>
		<position><![CDATA[1]]></position>
		<setting><![CDATA[{"animation":"","animation_delay":"","text_colour":"","link_colour":"","link_hover_colour":"","button_colour":"","button_hover_colour":"","button_text_colour":"","button_text_hover_colour":"","button_border_colour":"","button_border_hover_colour":"","banner_id":"claue_home_4_banner_footerwear"}]]></setting>
		<col><![CDATA[12]]></col>
		<class><![CDATA[col-xs-12]]></class>
		<block_content><![CDATA[{{widget type="MGS\Promobanners\Block\Widget\Banner" banner_id="claue_home_4_banner_footerwear" template="banner.phtml"}}]]></block_content>
	</block>
	<block>
		<block_name><![CDATA[block26-1]]></block_name>
		<type><![CDATA[promo_banner]]></type>
		<position><![CDATA[1]]></position>
		<setting><![CDATA[{"animation":"","animation_delay":"","text_colour":"","link_colour":"","link_hover_colour":"","button_colour":"","button_hover_colour":"","button_text_colour":"","button_text_hover_colour":"","button_border_colour":"","button_border_hover_colour":"","banner_id":"claue_home_4_banner_accessories"}]]></setting>
		<col><![CDATA[12]]></col>
		<class><![CDATA[col-xs-12]]></class>
		<block_content><![CDATA[{{widget type="MGS\Promobanners\Block\Widget\Banner" banner_id="claue_home_4_banner_accessories" template="banner.phtml"}}]]></block_content>
	</block>
	<block>
		<block_name><![CDATA[block26-2]]></block_name>
		<type><![CDATA[promo_banner]]></type>
		<position><![CDATA[1]]></position>
		<setting><![CDATA[{"animation":"","animation_delay":"","text_colour":"","link_colour":"","link_hover_colour":"","button_colour":"","button_hover_colour":"","button_text_colour":"","button_text_hover_colour":"","button_border_colour":"","button_border_hover_colour":"","banner_id":"claue_home_4_banner_watches"}]]></setting>
		<col><![CDATA[12]]></col>
		<class><![CDATA[col-xs-12]]></class>
		<block_content><![CDATA[{{widget type="MGS\Promobanners\Block\Widget\Banner" banner_id="claue_home_4_banner_watches" template="banner.phtml"}}]]></block_content>
	</block>
	<block>
		<block_name><![CDATA[block26-3]]></block_name>
		<type><![CDATA[promo_banner]]></type>
		<position><![CDATA[1]]></position>
		<setting><![CDATA[{"animation":"","animation_delay":"","text_colour":"","link_colour":"","link_hover_colour":"","button_colour":"","button_hover_colour":"","button_text_colour":"","button_text_hover_colour":"","button_border_colour":"","button_border_hover_colour":"","banner_id":"claue_home_4_banner_caps_hats"}]]></setting>
		<col><![CDATA[12]]></col>
		<class><![CDATA[col-xs-12]]></class>
		<block_content><![CDATA[{{widget type="MGS\Promobanners\Block\Widget\Banner" banner_id="claue_home_4_banner_caps_hats" template="banner.phtml"}}]]></block_content>
	</block>
	<block>
		<block_name><![CDATA[block27-0]]></block_name>
		<type><![CDATA[promo_banner]]></type>
		<position><![CDATA[1]]></position>
		<setting><![CDATA[{"animation":"","animation_delay":"","text_colour":"","link_colour":"","link_hover_colour":"","button_colour":"","button_hover_colour":"","button_text_colour":"","button_text_hover_colour":"","button_border_colour":"","button_border_hover_colour":"","banner_id":"claue_home_2_banner_lookbook"}]]></setting>
		<col><![CDATA[12]]></col>
		<class><![CDATA[col-xs-12]]></class>
		<block_content><![CDATA[{{widget type="MGS\Promobanners\Block\Widget\Banner" banner_id="claue_home_2_banner_lookbook" template="banner.phtml"}}]]></block_content>
	</block>
	<block>
		<block_name><![CDATA[block27-1]]></block_name>
		<type><![CDATA[promo_banner]]></type>
		<position><![CDATA[1]]></position>
		<setting><![CDATA[{"animation":"","animation_delay":"","text_colour":"","link_colour":"","link_hover_colour":"","button_colour":"","button_hover_colour":"","button_text_colour":"","button_text_hover_colour":"","button_border_colour":"","button_border_hover_colour":"","banner_id":"claue_home_2_banner_summer_sale"}]]></setting>
		<col><![CDATA[12]]></col>
		<class><![CDATA[col-xs-12]]></class>
		<block_content><![CDATA[{{widget type="MGS\Promobanners\Block\Widget\Banner" banner_id="claue_home_2_banner_summer_sale" template="banner.phtml"}}]]></block_content>
	</block>
	<block>
		<block_name><![CDATA[block27-2]]></block_name>
		<type><![CDATA[deals]]></type>
		<position><![CDATA[1]]></position>
		<setting><![CDATA[{"title":"","additional_content":"","animation":"","animation_delay":"","limit":"1","perrow":"1","template":"grid.phtml","ratio":"4","number_row":"1","category_id":["3"],"text_colour":"","link_colour":"","link_hover_colour":"","button_colour":"","button_hover_colour":"","button_text_colour":"","button_text_hover_colour":"","button_border_colour":"","button_border_hover_colour":"","use_slider":0,"autoplay":0,"stop_auto":0,"navigation":0,"pagination":0,"use_tabs":0,"loadmore":0}]]></setting>
		<col><![CDATA[12]]></col>
		<class><![CDATA[]]></class>
		<block_content><![CDATA[{{block class="MGS\Mpanel\Block\Products\Deals" mgs_panel_title="" mgs_panel_note="" limit="1" perrow="1" ratio="4" category_ids="3" use_slider="0" loadmore="0" template="products/deals/grid.phtml"}}]]></block_content>
	</block>
	<block>
		<block_name><![CDATA[block28-0]]></block_name>
		<type><![CDATA[attribute_products]]></type>
		<position><![CDATA[1]]></position>
		<setting><![CDATA[{"title":"TRENDING","additional_content":"Top view in this week","animation":"","animation_delay":"","attribute":"trending","limit":"8","perrow":"4","numbercol":"1","percol":"","template":"grid.phtml","ratio":"4","use_slider":"1","number_row":"1","navigation":"1","category_id":["3"],"text_colour":"","link_colour":"","link_hover_colour":"","button_colour":"","button_hover_colour":"","button_text_colour":"","button_text_hover_colour":"","button_border_colour":"","button_border_hover_colour":"","autoplay":0,"stop_auto":0,"pagination":0,"use_tabs":0,"loadmore":0}]]></setting>
		<col><![CDATA[12]]></col>
		<class><![CDATA[]]></class>
		<block_content><![CDATA[{{block class="MGS\Mpanel\Block\Products\Attributes" mgs_panel_title="TRENDING" mgs_panel_note="Top view in this week" limit="8" ratio="4" category_ids="3" attribute="trending" use_slider="1" loadmore="0" template="products/attribute/grid.phtml" perrow="4" autoplay="0" stop_auto="0" navigation="1" pagination="0" number_row="1"}}]]></block_content>
	</block>
	<block>
		<block_name><![CDATA[block30-0]]></block_name>
		<type><![CDATA[latest_posts]]></type>
		<position><![CDATA[1]]></position>
		<setting><![CDATA[{"title":"LATEST FROM BLOG","additional_content":"The freshest and most exciting news","animation":"","animation_delay":"","post_category":["1","2","3","4","5"],"number_of_posts":"3","items":"3","template":"default.phtml","show_thumbnail":"1","show_short_content":"1","limit_characters_short_content":"120","view_as":"1","number_row":"1","navigation":"1","text_colour":"","link_colour":"","link_hover_colour":"","button_colour":"","button_hover_colour":"","button_text_colour":"","button_text_hover_colour":"","button_border_colour":"","button_border_hover_colour":"","autoplay":0,"stop_auto":0,"pagination":0}]]></setting>
		<col><![CDATA[12]]></col>
		<class><![CDATA[col-xs-12]]></class>
		<block_content><![CDATA[{{widget type="MGS\Blog\Block\Widget\Latest" mgs_panel_title="LATEST FROM BLOG" post_category="1,2,3,4,5" number_of_posts="3" items="3" show_thumbnail="1" mgs_panel_note="The freshest and most exciting news" template="widget/default.phtml" show_short_content="1" limit_characters_short_content="120" view_as="owl_carousel" autoplay="0" stop_auto="0" navigation="1" pagination="0" number_row="1"}}]]></block_content>
	</block>
	<block>
		<block_name><![CDATA[block32-0]]></block_name>
		<type><![CDATA[static]]></type>
		<position><![CDATA[1]]></position>
		<setting><![CDATA[{"animation":"","animation_delay":""}]]></setting>
		<col><![CDATA[12]]></col>
		<class><![CDATA[col-xs-12]]></class>
		<block_content><![CDATA[<div class="icon-service">
<div class="icon"><i class="pe-7s-car">&nbsp;</i></div>
<div class="text">
<h6 class="margin-bottom5">FREE SHIPPING</h6>
<p class="no-margin">Free shipping on all US order or order above $200</p>
</div>
</div>]]></block_content>
	</block>
	<block>
		<block_name><![CDATA[block32-1]]></block_name>
		<type><![CDATA[static]]></type>
		<position><![CDATA[1]]></position>
		<setting><![CDATA[{"animation":"","animation_delay":""}]]></setting>
		<col><![CDATA[12]]></col>
		<class><![CDATA[col-xs-12]]></class>
		<block_content><![CDATA[<div class="icon-service">
<div class="icon"><i class="pe-7s-help2">&nbsp;</i></div>
<div class="text">
<h6 class="margin-bottom5">SUPPORT 24/7</h6>
<p class="no-margin">Contact us 24 hours a day, 7 days a week</p>
</div>
</div>]]></block_content>
	</block>
	<block>
		<block_name><![CDATA[block32-2]]></block_name>
		<type><![CDATA[static]]></type>
		<position><![CDATA[1]]></position>
		<setting><![CDATA[{"animation":"","animation_delay":""}]]></setting>
		<col><![CDATA[12]]></col>
		<class><![CDATA[col-xs-12]]></class>
		<block_content><![CDATA[<div class="icon-service">
<div class="icon"><i class="pe-7s-refresh">&nbsp;</i></div>
<div class="text">
<h6 class="margin-bottom5">30 DAYS RETURN</h6>
<p class="no-margin">Simply return it within 30 days for an exchange.</p>
</div>
</div>]]></block_content>
	</block>
	<block>
		<block_name><![CDATA[block32-3]]></block_name>
		<type><![CDATA[static]]></type>
		<position><![CDATA[1]]></position>
		<setting><![CDATA[{"animation":"","animation_delay":""}]]></setting>
		<col><![CDATA[12]]></col>
		<class><![CDATA[col-xs-12]]></class>
		<block_content><![CDATA[<div class="icon-service">
<div class="icon"><i class="pe-7s-door-lock">&nbsp;</i></div>
<div class="text">
<h6 class="margin-bottom5">100% PAYMENT SECURE</h6>
<p class="no-margin">We ensure secure payment with PEV</p>
</div>
</div>]]></block_content>
	</block>
	<block>
		<block_name><![CDATA[block29-0]]></block_name>
		<type><![CDATA[tabs]]></type>
		<position><![CDATA[2]]></position>
		<setting><![CDATA[{"title":"OUR PRODUCTS","additional_content":"Top view in the week","animation":"","animation_delay":"","tabs":{"mgs_new_products_tabs":{"value":"mgs_new_products_tabs","label":"New","position":"2"},"mgs_sale_products_tabs":{"value":"mgs_sale_products_tabs","label":"Sale","position":"3"},"mgs_rate_products_tabs":{"value":"mgs_rate_products_tabs","label":"Top Rate","position":"4"},"5496":{"value":"best_seller","label":"Best Seller","position":"1"}},"tab_template":"1","limit":"8","perrow":"4","ratio":"4","number_row":"1","category_id":["49"],"text_colour":"","link_colour":"","link_hover_colour":"","button_colour":"","button_hover_colour":"","button_text_colour":"","button_text_hover_colour":"","button_border_colour":"","button_border_hover_colour":"","use_slider":0,"autoplay":0,"stop_auto":0,"navigation":0,"pagination":0,"use_tabs":0,"loadmore":0}]]></setting>
		<col><![CDATA[12]]></col>
		<class><![CDATA[col-xs-12]]></class>
		<block_content><![CDATA[{{block class="MGS\Mpanel\Block\Products\Tabs" mgs_panel_title="OUR PRODUCTS" mgs_panel_note="Top view in the week" limit="8" perrow="4" category_ids="49" use_slider="0" loadmore="0" ratio="4" tabs="best_seller,mgs_new_products_tabs,mgs_sale_products_tabs,mgs_rate_products_tabs" template="products/tabs/grid.phtml" tab_template="1"labels="Best Seller,New,Sale,Top Rate"}}]]></block_content>
	</block>
	<block>
		<block_name><![CDATA[block31-0]]></block_name>
		<type><![CDATA[static]]></type>
		<position><![CDATA[2]]></position>
		<setting><![CDATA[{"animation":"","animation_delay":""}]]></setting>
		<col><![CDATA[12]]></col>
		<class><![CDATA[col-xs-12]]></class>
		<block_content><![CDATA[<div>{{widget type="Magento\Cms\Block\Widget\Block" template="widget/static_block/default.phtml" block_id="optimize_image_instagram"}}</div>]]></block_content>
	</block>
	<block>
		<block_name><![CDATA[block25-0]]></block_name>
		<type><![CDATA[owl_banner]]></type>
		<position><![CDATA[1]]></position>
		<setting><![CDATA[{"block_link":"","animation":"","animation_delay":"","removeimg":["","","","","","","","","","","","","","","","","","","","","","",""],"html_slider":"<div data-text-position=\"middle_left\" data-text-animate=\"slideInLeft\" class=\"item slideInLeft\"><a style=\"background-image:url(http:\/\/themes.magesolution.com\/claue\/m2\/pub\/media\/wysiwyg\/slider\/slider1.jpg)\" class=\"item-image\" href=\"\"><img class=\"img-responsive\" src=\"http:\/\/themes.magesolution.com\/claue\/m2\/pub\/media\/wysiwyg\/slider\/slider1.jpg\" alt=\"\"><\/a><div class=\"slide-text middle_left\"><div class=\"inner-text\"><h5 class=\"sub-title\">Spring - Summer 2020<\/h5>\r\n<h2>FLASH SALE OF 70%<\/h2>\r\n<p>Duis aute irure dolor in reprehenderit in voluptate velit essecillum dolore \r\neu fugiat nulla pariatur. Excepteur sint occaecat cupidatat nonproident<\/p>\r\n<a href=\"#\" class=\"btn btn-default\">Shop now<\/a><\/div><\/div><\/div><div data-text-position=\"middle\" data-text-animate=\"zoomIn\" class=\"item zoomIn\"><a style=\"background-image:url(http:\/\/themes.magesolution.com\/claue\/m2\/pub\/media\/wysiwyg\/slider\/slider3.jpg)\" class=\"item-image\" href=\"\"><img class=\"img-responsive\" src=\"http:\/\/themes.magesolution.com\/claue\/m2\/pub\/media\/wysiwyg\/slider\/slider3.jpg\" alt=\"\"><\/a><div class=\"slide-text middle\"><div class=\"inner-text\"><div class=\"text-center\">\r\n<h5 class=\"sub-title\">Spring - Summer 2020<\/h5>\r\n<h2>BEST OF COLLECTION<\/h2>\r\n<a href=\"#\" class=\"btn btn-default\">Shop now<\/a>\r\n<\/div><\/div><\/div><\/div><div data-text-position=\"middle_right\" data-text-animate=\"slideInRight\" class=\"item slideInRight\"><a style=\"background-image:url(http:\/\/themes.magesolution.com\/claue\/m2\/pub\/media\/wysiwyg\/slider\/slider2.jpg)\" class=\"item-image\" href=\"\"><img class=\"img-responsive\" src=\"http:\/\/themes.magesolution.com\/claue\/m2\/pub\/media\/wysiwyg\/slider\/slider2.jpg\" alt=\"\"><\/a><div class=\"slide-text middle_right\"><div class=\"inner-text\"><h5 class=\"sub-title\">Spring - Summer 2020<\/h5>\r\n<h2>FLASH SALE OF 70%<\/h2>\r\n<p>Duis aute irure dolor in reprehenderit in voluptate velit essecillum dolore \r\neu fugiat nulla pariatur. Excepteur sint occaecat cupidatat nonproident<\/p>\r\n<a href=\"#\" class=\"btn btn-default\">Shop now<\/a><\/div><\/div><\/div>","fullheight":"1","offset":".header","effect":"1","speed":"","pagination":"1","navtemple":"1","loop":"1","fullscreen":0,"autoplay":0,"stop_auto":0,"navigation":0}]]></setting>
		<col><![CDATA[12]]></col>
		<class><![CDATA[no-padding bottom]]></class>
		<block_content><![CDATA[{{block class="MGS\Mpanel\Block\Widget\OwlCarousel" fullscreen="0" autoplay="0" stop_auto="0" navigation="0" offset=".header" fullheight="1" pagination="1" loop="1" speed="" html_slider="&lt;div data-text-position=&quot;middle_left&quot; data-text-animate=&quot;slideInLeft&quot; class=&quot;item slideInLeft&quot;&gt;&lt;a style=&quot;background-image:url(http:\/\/themes.magesolution.com\/claue\/m2\/pub/media/wysiwyg/slider/slider1.jpg)&quot; class=&quot;item-image&quot; href=&quot;&quot;&gt;&lt;img class=&quot;img-responsive&quot; src=&quot;pub/media/wysiwyg/slider/slider1.jpg&quot; alt=&quot;&quot;&gt;&lt;/a&gt;&lt;div class=&quot;slide-text middle_left&quot;&gt;&lt;div class=&quot;inner-text&quot;&gt;&lt;h5 class=&quot;sub-title&quot;&gt;Spring - Summer 2020&lt;/h5&gt;
&lt;h2&gt;FLASH SALE OF 70%&lt;/h2&gt;
&lt;p&gt;Duis aute irure dolor in reprehenderit in voluptate velit essecillum dolore 
eu fugiat nulla pariatur. Excepteur sint occaecat cupidatat nonproident&lt;/p&gt;
&lt;a href=&quot;#&quot; class=&quot;btn btn-default&quot;&gt;Shop now&lt;/a&gt;&lt;/div&gt;&lt;/div&gt;&lt;/div&gt;&lt;div data-text-position=&quot;middle&quot; data-text-animate=&quot;zoomIn&quot; class=&quot;item zoomIn&quot;&gt;&lt;a style=&quot;background-image:url(http:\/\/themes.magesolution.com\/claue\/m2\/pub/media/wysiwyg/slider/slider3.jpg)&quot; class=&quot;item-image&quot; href=&quot;&quot;&gt;&lt;img class=&quot;img-responsive&quot; src=&quot;pub/media/wysiwyg/slider/slider3.jpg&quot; alt=&quot;&quot;&gt;&lt;/a&gt;&lt;div class=&quot;slide-text middle&quot;&gt;&lt;div class=&quot;inner-text&quot;&gt;&lt;div class=&quot;text-center&quot;&gt;
&lt;h5 class=&quot;sub-title&quot;&gt;Spring - Summer 2020&lt;/h5&gt;
&lt;h2&gt;BEST OF COLLECTION&lt;/h2&gt;
&lt;a href=&quot;#&quot; class=&quot;btn btn-default&quot;&gt;Shop now&lt;/a&gt;
&lt;/div&gt;&lt;/div&gt;&lt;/div&gt;&lt;/div&gt;&lt;div data-text-position=&quot;middle_right&quot; data-text-animate=&quot;slideInRight&quot; class=&quot;item slideInRight&quot;&gt;&lt;a style=&quot;background-image:url(http:\/\/themes.magesolution.com\/claue\/m2\/pub/media/wysiwyg/slider/slider2.jpg)&quot; class=&quot;item-image&quot; href=&quot;&quot;&gt;&lt;img class=&quot;img-responsive&quot; src=&quot;pub/media/wysiwyg/slider/slider2.jpg&quot; alt=&quot;&quot;&gt;&lt;/a&gt;&lt;div class=&quot;slide-text middle_right&quot;&gt;&lt;div class=&quot;inner-text&quot;&gt;&lt;h5 class=&quot;sub-title&quot;&gt;Spring - Summer 2020&lt;/h5&gt;
&lt;h2&gt;FLASH SALE OF 70%&lt;/h2&gt;
&lt;p&gt;Duis aute irure dolor in reprehenderit in voluptate velit essecillum dolore 
eu fugiat nulla pariatur. Excepteur sint occaecat cupidatat nonproident&lt;/p&gt;
&lt;a href=&quot;#&quot; class=&quot;btn btn-default&quot;&gt;Shop now&lt;/a&gt;&lt;/div&gt;&lt;/div&gt;&lt;/div&gt;" navtemple="1" effect="1" template="widget/owl_slider.phtml"}}]]></block_content>
	</block>
	<promo_banner>
		<item>
			<title><![CDATA[Claue Home 2 Banner Lookbook]]></title>
			<filename><![CDATA[/l/o/lookbook-collection.jpg]]></filename>
			<url><![CDATA[http://m3.magesolution.com/claue/women/dresses.html]]></url>
			<button><![CDATA[]]></button>
			<text_align><![CDATA[bottom-left]]></text_align>
			<content><![CDATA[<h3 class="fwm margin-bottom10 ls__1 lh__1" style="font-size:14px; color:#222222;">VIEW COLLECTIONS</h3>
<h4 class="margin-bottom10" style="font-size:35px; line-height:36px; color:#222222;">LOOKBOOK</h4>
<p class="no-margin" style="font-size:14px; color: #878787;">your world of fashion in numbers</p>]]></content>
			<effect><![CDATA[zoom]]></effect>
			<custom_class><![CDATA[]]></custom_class>
			<status><![CDATA[1]]></status>
			<identifier><![CDATA[claue_home_2_banner_lookbook]]></identifier>
		</item>
		<item>
			<title><![CDATA[Claue Home 2 Banner Summer Sale]]></title>
			<filename><![CDATA[/s/u/summer-sale2.jpg]]></filename>
			<url><![CDATA[]]></url>
			<button><![CDATA[]]></button>
			<text_align><![CDATA[middle-center]]></text_align>
			<content><![CDATA[<div class="text-center"><h3 class="fwm margin-bottom10 ls__1 lh__1" style="font-size:18px; color:#222222;">SUMMER SALE</h3>
<h4 class="margin-bottom10 nowrap" style="font-size:50px; line-height:50px; color:#222222;">UP TO 70%</h4>
<div><button class="btn btn-default" onclick="setLocation('http://m3.magesolution.com/claue/women.html')" style="font-size:14px;">Shop Now</button></div></div>]]></content>
			<effect><![CDATA[zoom]]></effect>
			<custom_class><![CDATA[]]></custom_class>
			<status><![CDATA[1]]></status>
			<identifier><![CDATA[claue_home_2_banner_summer_sale]]></identifier>
		</item>
		<item>
			<title><![CDATA[Claue Home 4 Banner Footerwear]]></title>
			<filename><![CDATA[/f/o/footwear-big.jpg]]></filename>
			<url><![CDATA[http://m3.magesolution.com/claue/men/footwear.html]]></url>
			<button><![CDATA[Footerwear]]></button>
			<text_align><![CDATA[bottom-center]]></text_align>
			<content><![CDATA[]]></content>
			<effect><![CDATA[zoom]]></effect>
			<custom_class><![CDATA[]]></custom_class>
			<status><![CDATA[1]]></status>
			<identifier><![CDATA[claue_home_4_banner_footerwear]]></identifier>
		</item>
		<item>
			<title><![CDATA[Claue Home 4 Banner Accessories]]></title>
			<filename><![CDATA[/h/e/head-phone.jpg]]></filename>
			<url><![CDATA[http://m3.magesolution.com/claue/accessories.html]]></url>
			<button><![CDATA[Accessories]]></button>
			<text_align><![CDATA[bottom-center]]></text_align>
			<content><![CDATA[]]></content>
			<effect><![CDATA[zoom]]></effect>
			<custom_class><![CDATA[]]></custom_class>
			<status><![CDATA[1]]></status>
			<identifier><![CDATA[claue_home_4_banner_accessories]]></identifier>
		</item>
		<item>
			<title><![CDATA[Claue Home 4 Banner Watches]]></title>
			<filename><![CDATA[/w/a/watch-big.jpg]]></filename>
			<url><![CDATA[http://m3.magesolution.com/claue/men/watch.html]]></url>
			<button><![CDATA[Watches]]></button>
			<text_align><![CDATA[bottom-center]]></text_align>
			<content><![CDATA[]]></content>
			<effect><![CDATA[zoom]]></effect>
			<custom_class><![CDATA[]]></custom_class>
			<status><![CDATA[1]]></status>
			<identifier><![CDATA[claue_home_4_banner_watches]]></identifier>
		</item>
		<item>
			<title><![CDATA[Claue Home 4 Banner Caps Hats]]></title>
			<filename><![CDATA[/h/a/hatcap.jpg]]></filename>
			<url><![CDATA[http://m3.magesolution.com/claue/accessories/caps-hats.html]]></url>
			<button><![CDATA[Caps & Hats]]></button>
			<text_align><![CDATA[bottom-center]]></text_align>
			<content><![CDATA[]]></content>
			<effect><![CDATA[zoom]]></effect>
			<custom_class><![CDATA[]]></custom_class>
			<status><![CDATA[1]]></status>
			<identifier><![CDATA[claue_home_4_banner_caps_hats]]></identifier>
		</item>
	</promo_banner>
	<theme_setting>
		<general>
			<header>header_3</header>
			<layout>wide</layout>
		</general>
		<custom_style><style></style></custom_style>
	</theme_setting>

</home>