<home>
	<section>
		<name><![CDATA[block253]]></name>
		<theme_name><![CDATA[]]></theme_name>
		<block_cols><![CDATA[12]]></block_cols>
		<tablet_cols><![CDATA[["12"]]]></tablet_cols>
		<mobile_cols><![CDATA[["12"]]]></mobile_cols>
		<block_class><![CDATA[[""]]]></block_class>
		<class><![CDATA[no-padding]]></class>
		<background><![CDATA[]]></background>
		<background_image><![CDATA[]]></background_image>
		<background_repeat><![CDATA[0]]></background_repeat>
		<background_cover><![CDATA[0]]></background_cover>
		<parallax><![CDATA[0]]></parallax>
		<fullwidth><![CDATA[1]]></fullwidth>
		<padding_top><![CDATA[]]></padding_top>
		<padding_bottom><![CDATA[]]></padding_bottom>
		<block_position><![CDATA[1]]></block_position>
	</section>
	<section>
		<name><![CDATA[block254]]></name>
		<theme_name><![CDATA[]]></theme_name>
		<block_cols><![CDATA[12]]></block_cols>
		<tablet_cols><![CDATA[["12"]]]></tablet_cols>
		<mobile_cols><![CDATA[["12"]]]></mobile_cols>
		<block_class><![CDATA[[""]]]></block_class>
		<class><![CDATA[]]></class>
		<background><![CDATA[]]></background>
		<background_image><![CDATA[]]></background_image>
		<background_repeat><![CDATA[0]]></background_repeat>
		<background_cover><![CDATA[0]]></background_cover>
		<parallax><![CDATA[0]]></parallax>
		<fullwidth><![CDATA[0]]></fullwidth>
		<padding_top><![CDATA[80]]></padding_top>
		<padding_bottom><![CDATA[44]]></padding_bottom>
		<block_position><![CDATA[2]]></block_position>
	</section>
	<section>
		<name><![CDATA[block255]]></name>
		<theme_name><![CDATA[]]></theme_name>
		<block_cols><![CDATA[12]]></block_cols>
		<tablet_cols><![CDATA[["12"]]]></tablet_cols>
		<mobile_cols><![CDATA[["12"]]]></mobile_cols>
		<block_class><![CDATA[[""]]]></block_class>
		<class><![CDATA[]]></class>
		<background><![CDATA[]]></background>
		<background_image><![CDATA[]]></background_image>
		<background_repeat><![CDATA[0]]></background_repeat>
		<background_cover><![CDATA[0]]></background_cover>
		<parallax><![CDATA[0]]></parallax>
		<fullwidth><![CDATA[1]]></fullwidth>
		<padding_top><![CDATA[]]></padding_top>
		<padding_bottom><![CDATA[80]]></padding_bottom>
		<block_position><![CDATA[3]]></block_position>
	</section>
	<section>
		<name><![CDATA[block256]]></name>
		<theme_name><![CDATA[]]></theme_name>
		<block_cols><![CDATA[12]]></block_cols>
		<tablet_cols><![CDATA[["12"]]]></tablet_cols>
		<mobile_cols><![CDATA[["12"]]]></mobile_cols>
		<block_class><![CDATA[[""]]]></block_class>
		<class><![CDATA[]]></class>
		<background><![CDATA[]]></background>
		<background_image><![CDATA[]]></background_image>
		<background_repeat><![CDATA[0]]></background_repeat>
		<background_cover><![CDATA[0]]></background_cover>
		<parallax><![CDATA[0]]></parallax>
		<fullwidth><![CDATA[0]]></fullwidth>
		<padding_top><![CDATA[]]></padding_top>
		<padding_bottom><![CDATA[45]]></padding_bottom>
		<block_position><![CDATA[4]]></block_position>
	</section>
	<section>
		<name><![CDATA[block257]]></name>
		<theme_name><![CDATA[]]></theme_name>
		<block_cols><![CDATA[12]]></block_cols>
		<tablet_cols><![CDATA[["12"]]]></tablet_cols>
		<mobile_cols><![CDATA[["12"]]]></mobile_cols>
		<block_class><![CDATA[[""]]]></block_class>
		<class><![CDATA[]]></class>
		<background><![CDATA[]]></background>
		<background_image><![CDATA[]]></background_image>
		<background_repeat><![CDATA[0]]></background_repeat>
		<background_cover><![CDATA[0]]></background_cover>
		<parallax><![CDATA[0]]></parallax>
		<fullwidth><![CDATA[0]]></fullwidth>
		<padding_top><![CDATA[]]></padding_top>
		<padding_bottom><![CDATA[25]]></padding_bottom>
		<block_position><![CDATA[5]]></block_position>
	</section>
	<section>
		<name><![CDATA[block258]]></name>
		<theme_name><![CDATA[]]></theme_name>
		<block_cols><![CDATA[12]]></block_cols>
		<tablet_cols><![CDATA[["12"]]]></tablet_cols>
		<mobile_cols><![CDATA[["12"]]]></mobile_cols>
		<block_class><![CDATA[[""]]]></block_class>
		<class><![CDATA[big-banner]]></class>
		<background><![CDATA[]]></background>
		<background_image><![CDATA[/g/r/group_153_1_.png]]></background_image>
		<background_repeat><![CDATA[0]]></background_repeat>
		<background_cover><![CDATA[1]]></background_cover>
		<parallax><![CDATA[0]]></parallax>
		<fullwidth><![CDATA[1]]></fullwidth>
		<padding_top><![CDATA[]]></padding_top>
		<padding_bottom><![CDATA[]]></padding_bottom>
		<block_position><![CDATA[6]]></block_position>
	</section>
	<section>
		<name><![CDATA[block259]]></name>
		<theme_name><![CDATA[]]></theme_name>
		<block_cols><![CDATA[12]]></block_cols>
		<tablet_cols><![CDATA[["12"]]]></tablet_cols>
		<mobile_cols><![CDATA[["12"]]]></mobile_cols>
		<block_class><![CDATA[[""]]]></block_class>
		<class><![CDATA[]]></class>
		<background><![CDATA[]]></background>
		<background_image><![CDATA[]]></background_image>
		<background_repeat><![CDATA[0]]></background_repeat>
		<background_cover><![CDATA[0]]></background_cover>
		<parallax><![CDATA[0]]></parallax>
		<fullwidth><![CDATA[0]]></fullwidth>
		<padding_top><![CDATA[]]></padding_top>
		<padding_bottom><![CDATA[45]]></padding_bottom>
		<block_position><![CDATA[7]]></block_position>
	</section>
	<section>
		<name><![CDATA[block260]]></name>
		<theme_name><![CDATA[]]></theme_name>
		<block_cols><![CDATA[12]]></block_cols>
		<tablet_cols><![CDATA[["12"]]]></tablet_cols>
		<mobile_cols><![CDATA[["12"]]]></mobile_cols>
		<block_class><![CDATA[[""]]]></block_class>
		<class><![CDATA[banner-intro]]></class>
		<background><![CDATA[]]></background>
		<background_image><![CDATA[]]></background_image>
		<background_repeat><![CDATA[0]]></background_repeat>
		<background_cover><![CDATA[0]]></background_cover>
		<parallax><![CDATA[0]]></parallax>
		<fullwidth><![CDATA[1]]></fullwidth>
		<padding_top><![CDATA[]]></padding_top>
		<padding_bottom><![CDATA[80]]></padding_bottom>
		<block_position><![CDATA[8]]></block_position>
	</section>
	<section>
		<name><![CDATA[block261]]></name>
		<theme_name><![CDATA[]]></theme_name>
		<block_cols><![CDATA[12]]></block_cols>
		<tablet_cols><![CDATA[["12"]]]></tablet_cols>
		<mobile_cols><![CDATA[["12"]]]></mobile_cols>
		<block_class><![CDATA[[""]]]></block_class>
		<class><![CDATA[]]></class>
		<background><![CDATA[]]></background>
		<background_image><![CDATA[]]></background_image>
		<background_repeat><![CDATA[0]]></background_repeat>
		<background_cover><![CDATA[0]]></background_cover>
		<parallax><![CDATA[0]]></parallax>
		<fullwidth><![CDATA[0]]></fullwidth>
		<padding_top><![CDATA[]]></padding_top>
		<padding_bottom><![CDATA[45]]></padding_bottom>
		<block_position><![CDATA[9]]></block_position>
	</section>
	<section>
		<name><![CDATA[block262]]></name>
		<theme_name><![CDATA[]]></theme_name>
		<block_cols><![CDATA[12]]></block_cols>
		<tablet_cols><![CDATA[["12"]]]></tablet_cols>
		<mobile_cols><![CDATA[["12"]]]></mobile_cols>
		<block_class><![CDATA[[""]]]></block_class>
		<class><![CDATA[no-padding]]></class>
		<background><![CDATA[]]></background>
		<background_image><![CDATA[]]></background_image>
		<background_repeat><![CDATA[0]]></background_repeat>
		<background_cover><![CDATA[0]]></background_cover>
		<parallax><![CDATA[0]]></parallax>
		<fullwidth><![CDATA[1]]></fullwidth>
		<padding_top><![CDATA[]]></padding_top>
		<padding_bottom><![CDATA[]]></padding_bottom>
		<block_position><![CDATA[10]]></block_position>
	</section>
	<block>
		<block_name><![CDATA[block253-0]]></block_name>
		<type><![CDATA[owl_banner]]></type>
		<position><![CDATA[1]]></position>
		<setting><![CDATA[{"block_link":"","animation":"","animation_delay":"","removeimg":["","","","","remove","","","","","","","","","","","","","","","","","","","","","","","","","","","","","","","","","","","","","",""],"html_slider":"<div data-text-position=\"middle\" data-text-animate=\"slideInDown\" class=\"item slideInDown\"><a class=\"item-image\" href=\"\" style=\"background-image:url(https:\/\/themes.magesolution.com\/claue\/m2\/pub\/media\/wysiwyg\/slider\/juhuhyugyg.png)\"><img class=\"img-responsive\" src=\"https:\/\/themes.magesolution.com\/claue\/m2\/pub\/media\/wysiwyg\/slider\/juhuhyugyg.png\" alt=\"\"><\/a><div class=\"container slide-text middle\"><div class=\"inner-text\"><h5 class=\"sub-title\">Happy valentine 's day<\/h5><h3>special offer<\/h3><h2>50% off<\/h2> <a href=\"#\" class=\"btn btn-secondary\">Shop now<\/a><\/div><\/div><\/div><div data-text-position=\"middle\" data-text-animate=\"slideInUp\" class=\"item slideInUp\"><a class=\"item-image\" href=\"\" style=\"background-image:url(https:\/\/themes.magesolution.com\/claue\/m2\/pub\/media\/wysiwyg\/slider\/bg_slide_landing.png)\"><img class=\"img-responsive\" src=\"https:\/\/themes.magesolution.com\/claue\/m2\/pub\/media\/wysiwyg\/slider\/bg_slide_landing.png\" alt=\"\"><\/a><div class=\"container slide-text middle\"><div class=\"inner-text\"><div class=\"text-center\"><h5 class=\"sub-title\">Happy valentine 's day<\/h5><h3>special offer<\/h3><h2>50% off<\/h2> <a href=\"#\" class=\"btn btn-secondary\">Shop now<\/a><\/div><\/div><\/div><\/div>","fullscreen":"1","offset":"","effect":"1","speed":"","navtemple":"1","autoplay":0,"stop_auto":0,"navigation":0,"pagination":0,"loop":0,"fullheight":0}]]></setting>
		<col><![CDATA[12]]></col>
		<class><![CDATA[banner-slider]]></class>
		<block_content><![CDATA[{{block class="MGS\Mpanel\Block\Widget\OwlCarousel" fullscreen="1" autoplay="0" stop_auto="0" navigation="0" offset="" fullheight="0" pagination="0" loop="0" speed="" html_slider="&lt;div data-text-position=&quot;middle&quot; data-text-animate=&quot;slideInDown&quot; class=&quot;item slideInDown&quot;&gt;&lt;a class=&quot;item-image&quot; href=&quot;&quot; style=&quot;background-image:url(https://themes.magesolution.com/claue/m2/pub/media/wysiwyg/slider/juhuhyugyg.png)&quot;&gt;&lt;img class=&quot;img-responsive&quot; src=&quot;https://themes.magesolution.com/claue/m2/pub/media/wysiwyg/slider/juhuhyugyg.png&quot; alt=&quot;&quot;&gt;&lt;/a&gt;&lt;div class=&quot;container slide-text middle&quot;&gt;&lt;div class=&quot;inner-text&quot;&gt;&lt;h5 class=&quot;sub-title&quot;&gt;Happy valentine 's day&lt;/h5&gt;&lt;h3&gt;special offer&lt;/h3&gt;&lt;h2&gt;50% off&lt;/h2&gt; &lt;a href=&quot;#&quot; class=&quot;btn btn-secondary&quot;&gt;Shop now&lt;/a&gt;&lt;/div&gt;&lt;/div&gt;&lt;/div&gt;&lt;div data-text-position=&quot;middle&quot; data-text-animate=&quot;slideInUp&quot; class=&quot;item slideInUp&quot;&gt;&lt;a class=&quot;item-image&quot; href=&quot;&quot; style=&quot;background-image:url(https://themes.magesolution.com/claue/m2/pub/media/wysiwyg/slider/bg_slide_landing.png)&quot;&gt;&lt;img class=&quot;img-responsive&quot; src=&quot;https://themes.magesolution.com/claue/m2/pub/media/wysiwyg/slider/bg_slide_landing.png&quot; alt=&quot;&quot;&gt;&lt;/a&gt;&lt;div class=&quot;container slide-text middle&quot;&gt;&lt;div class=&quot;inner-text&quot;&gt;&lt;div class=&quot;text-center&quot;&gt;&lt;h5 class=&quot;sub-title&quot;&gt;Happy valentine 's day&lt;/h5&gt;&lt;h3&gt;special offer&lt;/h3&gt;&lt;h2&gt;50% off&lt;/h2&gt; &lt;a href=&quot;#&quot; class=&quot;btn btn-secondary&quot;&gt;Shop now&lt;/a&gt;&lt;/div&gt;&lt;/div&gt;&lt;/div&gt;&lt;/div&gt;" navtemple="1" effect="1" template="widget/owl_slider.phtml"}}]]></block_content>
	</block>
	<block>
		<block_name><![CDATA[block254-0]]></block_name>
		<type><![CDATA[attribute_products]]></type>
		<position><![CDATA[1]]></position>
		<setting><![CDATA[{"title":"OUR CRESTIONS","additional_content":"Discover a variety of our pieces.","animation":"","animation_delay":"","attribute":"trending","limit":"6","perrow":"4","numbercol":"1","percol":"","template":"grid.phtml","ratio":"4","use_slider":"1","loadmore":"1","number_row":"1","category_id":["95"],"text_colour":"","link_colour":"","link_hover_colour":"","button_colour":"","button_hover_colour":"","button_text_colour":"","button_text_hover_colour":"","button_border_colour":"","button_border_hover_colour":"","autoplay":0,"stop_auto":0,"navigation":0,"pagination":0,"use_tabs":0}]]></setting>
		<col><![CDATA[12]]></col>
		<class><![CDATA[]]></class>
		<block_content><![CDATA[{{block class="MGS\Mpanel\Block\Products\Attributes" mgs_panel_title="OUR CRESTIONS" mgs_panel_note="Discover a variety of our pieces." limit="6" ratio="4" category_ids="95" attribute="trending" use_slider="1" loadmore="1" template="products/attribute/grid.phtml" perrow="4" autoplay="0" stop_auto="0" navigation="0" pagination="0" number_row="1"}}]]></block_content>
	</block>
	<block>
		<block_name><![CDATA[block255-0]]></block_name>
		<type><![CDATA[promo_banner]]></type>
		<position><![CDATA[1]]></position>
		<setting><![CDATA[{"animation":"","animation_delay":"","text_colour":"","link_colour":"","link_hover_colour":"","button_colour":"","button_hover_colour":"","button_text_colour":"","button_text_hover_colour":"","button_border_colour":"","button_border_hover_colour":"","banner_id":"bn-h1-vlt"}]]></setting>
		<col><![CDATA[5]]></col>
		<class><![CDATA[no-padding banner-intro-v1]]></class>
		<block_content><![CDATA[{{widget type="MGS\Promobanners\Block\Widget\Banner" banner_id="bn-h1-vlt" template="banner.phtml"}}]]></block_content>
	</block>
	<block>
		<block_name><![CDATA[block255-0]]></block_name>
		<type><![CDATA[static]]></type>
		<position><![CDATA[2]]></position>
		<setting><![CDATA[{"animation":"","animation_delay":""}]]></setting>
		<col><![CDATA[7]]></col>
		<class><![CDATA[no-padding]]></class>
		<block_content><![CDATA[<div class="banner-video-lg"><video id="myVideo" autoplay="autoplay" loop="loop" muted="" width="100%" >
  <source src="https://themes.magesolution.com/claue/m2/pub/media/wysiwyg/t1.mp4" type="video/mp4" />
  Your browser does not support HTML5 video.</video></div>]]></block_content>
	</block>
	<block>
		<block_name><![CDATA[block256-0]]></block_name>
		<type><![CDATA[promo_banner]]></type>
		<position><![CDATA[1]]></position>
		<setting><![CDATA[{"animation":"","animation_delay":"","text_colour":"","link_colour":"","link_hover_colour":"","button_colour":"","button_hover_colour":"","button_text_colour":"","button_text_hover_colour":"","button_border_colour":"","button_border_hover_colour":"","banner_id":"bn-vlt-2"}]]></setting>
		<col><![CDATA[6]]></col>
		<class><![CDATA[simple-pro-banner]]></class>
		<block_content><![CDATA[{{widget type="MGS\Promobanners\Block\Widget\Banner" banner_id="bn-vlt-2" template="banner.phtml"}}]]></block_content>
	</block>
	<block>
		<block_name><![CDATA[block256-0]]></block_name>
		<type><![CDATA[category_products]]></type>
		<position><![CDATA[2]]></position>
		<setting><![CDATA[{"title":"","additional_content":"","animation":"","animation_delay":"","limit":"4","perrow":"2","numbercol":"1","percol":"","template":"grid.phtml","ratio":"4","number_row":"1","category_id":["96"],"text_colour":"","link_colour":"","link_hover_colour":"","button_colour":"","button_hover_colour":"","button_text_colour":"","button_text_hover_colour":"","button_border_colour":"","button_border_hover_colour":"","use_slider":0,"autoplay":0,"stop_auto":0,"navigation":0,"pagination":0,"use_tabs":0,"loadmore":0}]]></setting>
		<col><![CDATA[6]]></col>
		<class><![CDATA[]]></class>
		<block_content><![CDATA[{{block class="MGS\Mpanel\Block\Products\Category" mgs_panel_title="" mgs_panel_note="" limit="4" ratio="4" category_ids="96" use_slider="0" loadmore="0" template="products/category_products/grid.phtml" perrow="2"}}]]></block_content>
	</block>
	<block>
		<block_name><![CDATA[block257-0]]></block_name>
		<type><![CDATA[static]]></type>
		<position><![CDATA[1]]></position>
		<setting><![CDATA[{"animation":"","animation_delay":""}]]></setting>
		<col><![CDATA[12]]></col>
		<class><![CDATA[]]></class>
		<block_content><![CDATA[<div class="content-heading">
<h3 class="title">VALENTINE GIFT COLLECTION</h3>
<div class="block-note">Discover a variety of our pieces.</div>
</div>]]></block_content>
	</block>
	<block>
		<block_name><![CDATA[block257-0]]></block_name>
		<type><![CDATA[promo_banner]]></type>
		<position><![CDATA[2]]></position>
		<setting><![CDATA[{"animation":"","animation_delay":"","text_colour":"","link_colour":"","link_hover_colour":"","button_colour":"","button_hover_colour":"","button_text_colour":"","button_text_hover_colour":"","button_border_colour":"","button_border_hover_colour":"","banner_id":"bn-vlt-l1"}]]></setting>
		<col><![CDATA[4]]></col>
		<class><![CDATA[col-sm-4 banner-vlt-list]]></class>
		<block_content><![CDATA[{{widget type="MGS\Promobanners\Block\Widget\Banner" banner_id="bn-vlt-l1" template="banner.phtml"}}]]></block_content>
	</block>
	<block>
		<block_name><![CDATA[block257-0]]></block_name>
		<type><![CDATA[promo_banner]]></type>
		<position><![CDATA[3]]></position>
		<setting><![CDATA[{"animation":"","animation_delay":"","text_colour":"","link_colour":"","link_hover_colour":"","button_colour":"","button_hover_colour":"","button_text_colour":"","button_text_hover_colour":"","button_border_colour":"","button_border_hover_colour":"","banner_id":"bn-vlt-l2"}]]></setting>
		<col><![CDATA[4]]></col>
		<class><![CDATA[col-sm-4 banner-vlt-list]]></class>
		<block_content><![CDATA[{{widget type="MGS\Promobanners\Block\Widget\Banner" banner_id="bn-vlt-l2" template="banner.phtml"}}]]></block_content>
	</block>
	<block>
		<block_name><![CDATA[block257-0]]></block_name>
		<type><![CDATA[promo_banner]]></type>
		<position><![CDATA[4]]></position>
		<setting><![CDATA[{"animation":"","animation_delay":"","text_colour":"","link_colour":"","link_hover_colour":"","button_colour":"","button_hover_colour":"","button_text_colour":"","button_text_hover_colour":"","button_border_colour":"","button_border_hover_colour":"","banner_id":"bn-vlt-l3"}]]></setting>
		<col><![CDATA[4]]></col>
		<class><![CDATA[col-sm-4 banner-vlt-list]]></class>
		<block_content><![CDATA[{{widget type="MGS\Promobanners\Block\Widget\Banner" banner_id="bn-vlt-l3" template="banner.phtml"}}]]></block_content>
	</block>
	<block>
		<block_name><![CDATA[block258-0]]></block_name>
		<type><![CDATA[static]]></type>
		<position><![CDATA[1]]></position>
		<setting><![CDATA[{"animation":"","animation_delay":""}]]></setting>
		<col><![CDATA[12]]></col>
		<class><![CDATA[]]></class>
		<block_content><![CDATA[<div class="container banner-text">
<div class="inner-text">
<h5 class="heading">Valentine <span class="big-text">Collection</span></h5>
<h5 class="sub-title">50% off</h5>
<a class="btn btn-secondary" href="#">Shop collection</a></div>
</div>]]></block_content>
	</block>
	<block>
		<block_name><![CDATA[block259-0]]></block_name>
		<type><![CDATA[new_products]]></type>
		<position><![CDATA[1]]></position>
		<setting><![CDATA[{"title":"LATEST EDITION","additional_content":"Discover a variety of our pieces.","animation":"","animation_delay":"","limit":"4","perrow":"4","numbercol":"1","percol":"","template":"grid.phtml","ratio":"4","number_row":"1","category_id":["94"],"text_colour":"","link_colour":"","link_hover_colour":"","button_colour":"","button_hover_colour":"","button_text_colour":"","button_text_hover_colour":"","button_border_colour":"","button_border_hover_colour":"","use_slider":0,"autoplay":0,"stop_auto":0,"navigation":0,"pagination":0,"use_tabs":0,"loadmore":0}]]></setting>
		<col><![CDATA[12]]></col>
		<class><![CDATA[]]></class>
		<block_content><![CDATA[{{block class="MGS\Mpanel\Block\Products\NewProducts" mgs_panel_title="LATEST EDITION" mgs_panel_note="Discover a variety of our pieces." limit="4" ratio="4" category_ids="94" use_slider="0" loadmore="0" template="products/new/grid.phtml" perrow="4"}}]]></block_content>
	</block>
	<block>
		<block_name><![CDATA[block260-0]]></block_name>
		<type><![CDATA[static]]></type>
		<position><![CDATA[1]]></position>
		<setting><![CDATA[{"animation":"","animation_delay":""}]]></setting>
		<col><![CDATA[6]]></col>
		<class><![CDATA[no-padding banner-img]]></class>
		<block_content><![CDATA[<div><img class="img-responsive" src="{{media url="wysiwyg/panel/alekon-pictures-gKy0wzKORRE-unsplash_1.png"}}" alt="alekon-pictures-gKy0wzKORRE-unsplash_1.png" /></div>]]></block_content>
	</block>
	<block>
		<block_name><![CDATA[block260-0]]></block_name>
		<type><![CDATA[static]]></type>
		<position><![CDATA[2]]></position>
		<setting><![CDATA[{"animation":"","animation_delay":""}]]></setting>
		<col><![CDATA[6]]></col>
		<class><![CDATA[no-padding description]]></class>
		<block_content><![CDATA[<div class="conts">
<h3 class="title">Meaningful gifts for loved ones</h3>
<p>We offer Valentine's Day designs for your loved ones, let us accompany. Share your gift on Instagrem with #Lusion jewelry hastag We will give a mysterious gift to customers with the most engagement</p>
<p><a class="btn btn-secondary" title="Shop collection" href="#">Shop collection</a></p>
</div>]]></block_content>
	</block>
	<block>
		<block_name><![CDATA[block261-0]]></block_name>
		<type><![CDATA[latest_posts]]></type>
		<position><![CDATA[1]]></position>
		<setting><![CDATA[{"title":"LATEST FROM BLOG","additional_content":"The freshest and most exciting news","animation":"","animation_delay":"","post_category":["8"],"number_of_posts":"4","items":"3","template":"default.phtml","show_thumbnail":"1","show_short_content":"1","limit_characters_short_content":"100","view_as":"1","number_row":"1","text_colour":"","link_colour":"","link_hover_colour":"","button_colour":"","button_hover_colour":"","button_text_colour":"","button_text_hover_colour":"","button_border_colour":"","button_border_hover_colour":"","autoplay":0,"stop_auto":0,"navigation":0,"pagination":0}]]></setting>
		<col><![CDATA[12]]></col>
		<class><![CDATA[]]></class>
		<block_content><![CDATA[{{widget type="MGS\Blog\Block\Widget\Latest" mgs_panel_title="LATEST FROM BLOG" post_category="8" number_of_posts="4" items="3" show_thumbnail="1" mgs_panel_note="The freshest and most exciting news" template="widget/default.phtml" show_short_content="1" limit_characters_short_content="100" view_as="owl_carousel" autoplay="0" stop_auto="0" navigation="0" pagination="0" number_row="1"}}]]></block_content>
	</block>
	<block>
		<block_name><![CDATA[block262-0]]></block_name>
		<type><![CDATA[static]]></type>
		<position><![CDATA[1]]></position>
		<setting><![CDATA[{"animation":"","animation_delay":""}]]></setting>
		<col><![CDATA[12]]></col>
		<class><![CDATA[]]></class>
		<block_content><![CDATA[<div>{{widget type="Magento\Cms\Block\Widget\Block" template="widget/static_block/default.phtml" block_id="optimize_image_instagram_vlt"}}</div>]]></block_content>
	</block>
	<promo_banner>
		<item>
			<title><![CDATA[Banner h1 valentine ]]></title>
			<filename><![CDATA[/g/r/group_163.png]]></filename>
			<url><![CDATA[]]></url>
			<button><![CDATA[]]></button>
			<text_align><![CDATA[top-middle]]></text_align>
			<content><![CDATA[<h5 class="sub-title">Our creations</h5>
<h3 class="title">ART DECOR <span>RINGS</span></h3>
<p class="">We offer personalized Valentine's Day designs for your loved ones.These classic and timeless collections draw their strengths from the sophistication of production, combined with the precision of absolute. The best gift for your girl on Valentine's Day</p>
<a href="#" class="btn btn-secondary">Shop now</a>]]></content>
			<effect><![CDATA[zoom]]></effect>
			<custom_class><![CDATA[]]></custom_class>
			<status><![CDATA[1]]></status>
			<identifier><![CDATA[bn-h1-vlt]]></identifier>
			<alt><![CDATA[Image]]></alt>
		</item>
		<item>
			<title><![CDATA[Banner VLT 2]]></title>
			<filename><![CDATA[/k/a/kate-hliznitsova-envglhmhfrc-unsplash_1_1.png]]></filename>
			<url><![CDATA[]]></url>
			<button><![CDATA[]]></button>
			<text_align><![CDATA[bottom-right]]></text_align>
			<content><![CDATA[<h3 class="text-colour-white title">CLAUE  LOVELY</h3>
<h5 class="text-colour-white sub-text">RINGS 24k</h5>]]></content>
			<effect><![CDATA[zoom]]></effect>
			<custom_class><![CDATA[]]></custom_class>
			<status><![CDATA[1]]></status>
			<identifier><![CDATA[bn-vlt-2]]></identifier>
			<alt><![CDATA[]]></alt>
		</item>
		<item>
			<title><![CDATA[Banner VLT l1]]></title>
			<filename><![CDATA[/0/d/0d287034345391_4.png]]></filename>
			<url><![CDATA[]]></url>
			<button><![CDATA[Shop Now]]></button>
			<text_align><![CDATA[top-middle]]></text_align>
			<content><![CDATA[<h5 class="text-colour-white white sub">Gifts for the </h5>
<h3 class="text-colour-white heading">PARTNERS</h3>]]></content>
			<effect><![CDATA[zoom]]></effect>
			<custom_class><![CDATA[]]></custom_class>
			<status><![CDATA[1]]></status>
			<identifier><![CDATA[bn-vlt-l1]]></identifier>
			<alt><![CDATA[]]></alt>
		</item>
		<item>
			<title><![CDATA[Banner VLT l2]]></title>
			<filename><![CDATA[/c/o/cody-chan-oshqxjvv0he-unsplash-2_1.jpg]]></filename>
			<url><![CDATA[]]></url>
			<button><![CDATA[Shop Now]]></button>
			<text_align><![CDATA[top-middle]]></text_align>
			<content><![CDATA[<h5 class="text-colour-white sub">Gifts for the </h5>
<h3 class="text-colour-white  heading">WOMEN’s</h3>]]></content>
			<effect><![CDATA[zoom]]></effect>
			<custom_class><![CDATA[]]></custom_class>
			<status><![CDATA[1]]></status>
			<identifier><![CDATA[bn-vlt-l2]]></identifier>
			<alt><![CDATA[]]></alt>
		</item>
		<item>
			<title><![CDATA[Banner VLT l3]]></title>
			<filename><![CDATA[/d/3/d3b8e374446e30c7608e3330e6d41c89_1.png]]></filename>
			<url><![CDATA[]]></url>
			<button><![CDATA[Shop Now]]></button>
			<text_align><![CDATA[top-middle]]></text_align>
			<content><![CDATA[<h5 class="text-colour-white sub">Gifts for the </h5>
<h3 class="text-colour-white heading">Family</h3>]]></content>
			<effect><![CDATA[zoom]]></effect>
			<custom_class><![CDATA[]]></custom_class>
			<status><![CDATA[1]]></status>
			<identifier><![CDATA[bn-vlt-l3]]></identifier>
			<alt><![CDATA[Image]]></alt>
		</item>
	</promo_banner>
	<theme_setting>
		<general>
			<header>header_3</header>
		</general>
		<custom_style>
			<style>.big-item .products-grid .product-item-info.metro_template .product-top a.photo{padding-top:calc(133.3333% - 10px)!important}.products-grid .big-item .product-item-info.metro_template .product-top a.photo{padding-bottom:calc(133.3333% - 10px)!important}@media (min-width:1200px){.cms-index-index .header.header8 .vertical-menu-widget .vertical-menu{padding-bottom:60px}.header.header10 .navigation .nav-main-menu{transform:translateX(20px);-moz-transform:translateX(20px);-webkit-transform:translateX(20px);-ms-transform:translateX(20px)}}.header.header9 .vertical-menu-widget .vertical-menu{padding-bottom:31px}.rotate-image-container .rotate-j360{cursor:move}.mgs-quickview-catalog-product-view .product-detail-infomation.col-xs-12{height:auto!important}
@media (min-width: 1200px){.header .close-nav-button{left:-50px}}
@media (max-width: 767px) {.sub-categories{display: none}}
.success-ajax--popup .mfp-iframe-holder .mfp-close{top: -13px !important}

.page-layout-3columns .category-product-actions .filter-toggle,
.page-layout-2columns-right .category-product-actions .filter-toggle,
.page-layout-2columns-left .category-product-actions .filter-toggle {
	display: none;
}
.filter .filter-title{
	display: none;
}
.page-layout-1column .category-product-actions .filter-toggle {
    float: left;
    width: 20%;
}
.filter-open .page-layout-1column .category-product-actions .filter-toggle .title:after {
	position: fixed;
    left: 0;
    right: 0;
    top: 0;
    bottom: 0;
    background-color: #000;
    opacity: 0.8;
    display: block;
    content: "";
    z-index: 998;
}
.page-layout-1column .category-product-actions .filter-toggle .title {
	font-size: 36px;
    cursor: pointer;
    line-height: 1;
    color: #222;
}
.page-layout-1column .category-product-actions .filter-toggle .title > span{
	-moz-transform:rotate(-90deg);
    -ms-transform:rotate(-90deg);
    -o-transform:rotate(-90deg);
    -webkit-transform:rotate(-90deg);
}
.filter-open .page-layout-1column .block.filter .block-content.filter-content {
    opacity: 1;
    visibility: visible;
    transform: translateX(0);
    -webkit-transform: translateX(0);
    -moz-transform: translateX(0);
    -o-transform: translateX(0);
}
@media (max-width: 991px) {
    .checkout-container {
        z-index: 98;
    }
}
.header.header5 .table-icon-menu .minicart-wrapper .block-minicart{left: auto;z-index: 999}
.minicart-wrapper.active:after{opacity:0.7}
.product-detail-infomation-sticky-parent > .col-xs-12 + div { width: 50% !important; }
.header.header9.active-sticky .middle-header-content .logo-header .logo,
.header.header8.active-sticky .middle-header-content .logo-header .logo{padding: 0 !important}
.header .logo-left-header .logo {
    display: block;
    text-align: center;
    display: -webkit-box;
    display: -webkit-flex;
    display: -ms-flexbox;
    display: flex;
    -webkit-box-align: center;
    -webkit-align-items: center;
    -ms-flex-align: center;
    align-items: center;
    margin: 5px 0;
    min-height: 51px;
}
.search-open .search-form .mgs-instant-search-dropdown{top: calc(100% + 20px)}
.header.header5 .dropdown-switcher{float:none;position: relative;text-align: center;margin-left: 0;display: inline-block;}
.header5 .dropdown-switcher .dropdown-menu{left:0; right:auto}
.header5 .switchers{display:block!important;padding:0!important}
.product-detail-infomation-slide-gallery .price-box .old-price{float:none}
.slide-text .btn-default {
  background-color: transparent;
}
.slide-text .btn-default:hover {
  background-color: #56cfe1;
  border-color: #56cfe1;
}
.slide-text .text-colour-white .btn-default {
  color: #fff;
  border-color: #fff;
}
.slide-text .big-text,.slide-text h2 {
    font-size: 50px;
    font-weight: 700;
}

.header .search-form.not-full .form-search .form.minisearch .input-text{position: static;}
.search-form:not(.not-full) .mgs-instant-search-dropdown{top: calc(100% + 20px)}
.header .logo-left-header .logo{margin:0}
@media (max-width: 991px){.cms-index-index .header.header6:not(.active-sticky){position: relative}}
@media (max-width: 1199px){.header5 .switchers{display: none !important}}
.product-item form .swatch-input, .product-options-wrapper .swatch-attribute .swatch-input{display: block;opacity:0;height:0}
.header.active-sticky {position: fixed !important}
.vertical-menu.nav>li>a{padding-left:25px}
.customer-account-create .account-social-login{margin-top:40px}
.catalog-product-view .product.media {height: auto !important;}
@media (min-width: 1200px){.menu_vertical_fixed .header.header5.fixed-bottom{position: fixed !important;}}
.mfp-iframe-scaler iframe{box-shadow: none;}
.header{position: absolute !important}
@media (max-width: 767px) {
    .lookbook_banner {
        min-height: unset;
        height: 100vh;
        max-height: 100vw;
    }
}
body._has-modal-custom:before{content:none}
.dropdown-backdrop{display:none}
/* Filter 2 coloumns responsive */
@media (max-width: 991px) {
  body:not(.page-layout-1column) .toolbar .sorter {
    text-align: right !important;
  }
  .catalog-category-view.page-layout-3columns .category-product-actions .toolbar.toolbar-products,
  .catalog-category-view.page-layout-2columns-right .category-product-actions .toolbar.toolbar-products,
  .catalog-category-view.page-layout-2columns-left .category-product-actions .toolbar.toolbar-products {
    float: left;
    width: 80%;
  }
  .catalog-category-view.page-layout-3columns .category-product-actions .filter-toggle,
  .catalog-category-view.page-layout-2columns-right .category-product-actions .filter-toggle,
  .catalog-category-view.page-layout-2columns-left .category-product-actions .filter-toggle {
    display: block;
    float: left;
    width: 20%;
  }
  .catalog-category-view.page-layout-3columns .category-product-actions .filter-toggle .title,
  .catalog-category-view.page-layout-2columns-right .category-product-actions .filter-toggle .title,
  .catalog-category-view.page-layout-2columns-left .category-product-actions .filter-toggle .title {
    font-size: 36px;
    cursor: pointer;
    line-height: 1;
    color: #222;
  }
  .catalog-category-view.page-layout-3columns .category-product-actions .filter-toggle .title:after,
  .catalog-category-view.page-layout-2columns-right .category-product-actions .filter-toggle .title:after,
  .catalog-category-view.page-layout-2columns-left .category-product-actions .filter-toggle .title:after {
    position: fixed;
    left: 0;
    right: 0;
    top: 0;
    bottom: 0;
    background-color: #000;
    opacity: 0;
    display: block;
    content: "";
    z-index: 998;
    visibility: hidden;
    transition: all 300ms;
    -webkit-transition: all 300ms;
    -moz-transition: all 300ms;
    -o-transition: all 300ms;
  }
  .catalog-category-view.page-layout-3columns .category-product-actions .filter-toggle .title > span,
  .catalog-category-view.page-layout-2columns-right .category-product-actions .filter-toggle .title > span,
  .catalog-category-view.page-layout-2columns-left .category-product-actions .filter-toggle .title > span {
    transform: rotate(-90deg);
    -webkit-transform: rotate(-90deg);
    -moz-transform: rotate(-90deg);
    -o-transform: rotate(-90deg);
  }
  .catalog-category-view.page-layout-3columns .block.filter .block-content.filter-content,
  .catalog-category-view.page-layout-2columns-right .block.filter .block-content.filter-content,
  .catalog-category-view.page-layout-2columns-left .block.filter .block-content.filter-content {
    background: #fff;
    top: 0;
    bottom: 0;
    width: 320px;
    left: 0;
    right: auto;
    position: fixed;
    z-index: 999;
    opacity: 0;
    visibility: hidden;
    transform: translateX(-100%);
    -webkit-transform: translateX(-100%);
    -moz-transform: translateX(-100%);
    -o-transform: translateX(-100%);
    transition: all 300ms;
    -webkit-transition: all 300ms;
    -moz-transition: all 300ms;
    -o-transition: all 300ms;
    padding: 15px;
  }
  .filter-open .catalog-category-view.page-layout-3columns .block.filter .block-content.filter-content,
  .filter-open .catalog-category-view.page-layout-2columns-right .block.filter .block-content.filter-content,
  .filter-open .catalog-category-view.page-layout-2columns-left .block.filter .block-content.filter-content {
    opacity: 1;
    visibility: visible;
    transform: translateX(0);
    -webkit-transform: translateX(0);
    -moz-transform: translateX(0);
    -o-transform: translateX(0);
  }
  .filter-open .catalog-category-view.page-layout-3columns .category-product-actions .filter-toggle .title:after,
  .filter-open .catalog-category-view.page-layout-2columns-right .category-product-actions .filter-toggle .title:after,
  .filter-open .catalog-category-view.page-layout-2columns-left .category-product-actions .filter-toggle .title:after {
    opacity: 0.8;
    visibility: visible;
  }
}
.category-product-actions:after{display: table;
    content: "";
    clear: both;}
@media (max-width: 991px){.filter-open .block.filter .block-content.filter-content{ overflow-y: scroll}}
.block-dashboard-addresses{margin-bottom:60px}
.nav>li>a:hover, .nav>li>a:focus{background:none}
.nav>li>strong{color: #56cfe1;    padding: 10px 0;display: inline-block}
.nav>li>a{padding: 10px 0}
.sidebar .block .block-title.account-nav-title .title>i{display:none}

.modal_newsletter_popup.modal-popup .newsletter_popup .block-popup-subscribe {
  max-height: 100vh;
  overflow-y: auto;
}
.modal_newsletter_popup.modal-popup .newsletter_popup {
  max-width: calc(100% - 30px);
}
@media (max-width: 767px) {
  .modal_newsletter_popup.modal-popup .newsletter-popup-content p {
    font-size: 0;
  }
}
.mfp-mgs-quickview-frame .mfp-iframe-scaler{padding-top: 62%}
.owl-carousel .owl-nav > div{line-height: 34px}
.minicart-wrapper.active:after {
    opacity: 0.7;
}
.dark .header.header6 .megamenu-content,.dark  .header.header7 .megamenu-content {
background-color: #000;
}
.logo-item h1,
.logo h1 {
     font-size: initial;
}
.navigation .nav-main-menu li.mega-menu-fullwidth > ul.dropdown-menu .sub-menu .label-menu {position: static !important;display: inline-block;margin-left: 10px;transform: translateY(-8px);}

@media(max-width: 1199px) {
    .block-minicart #minicart-content-wrapper .minicart-items-wrapper{
        max-height: calc(100vh - 300px) !important;
        overflow: hidden;
    overflow-y: auto !important;
    }
}
.minicart-wrapper .block-content > .actions > .subtotal {
border-top: 0;
}

.header .logo-header .logo, .header .logo-left-header .logo, .mega-menu-item.megamenu-homelink .logo {
background-image: none !important;
}
#st_gdpr_iframe{display: none !important}

.products.list .items.product-items {
    height: auto !important;
}
.blog-list .blog-post .post-image img {
	width: 100%;
}
.header .logo-header .logo img {
    width: auto;
    height: 27px;
}
@media (max-width:991px) {
    .opc-sidebar.opc-summary-wrapper {
           z-index: 9999 !important;
    }
}
.header .top-custom-link ul li, 
.header .top-header-content .top-middle-header,
.header .dropdown-switcher .switcher-toggle {
padding: 9px 0 !important;
}
@media(max-width: 767px){
.header .top-header-content .top-middle-header {
display: none;
}
}
.products-grid .product-item-info .product-top  .product-item-photo > img {
    -webkit-transform: scale(1);
    transform: scale(1);
}
.mfp-s-ready .mfp-preloader {
    display: none !important;
}
.minicart-wrapper .block-content .minicart-items-wrapper {
overflow: hidden;
    overflow-y: auto !important;
}

.header .nav.nav-main-menu>li.megamenu-homelink.logo-item>a {
    padding-top: 15px;
    padding-bottom: 23px;
}
.header .logo-left-header .logo {
    padding-top: 15px;
    padding-bottom: 22px;
}
.row.product-detail-infomation-slide-gallery {
    margin: 0;
}
@media(max-width: 767px) {
	.scroll-to-top {
		display: none;
	}
}
.slider_mgs_carousel .owl-item .slide-text.middle>* {
    margin: 0;
}
.slider_mgs_carousel .owl-item .slide-text>* {
    max-width: 100%;
}
.banner-vlt-list .btn.btn-promo-banner {
border-radius: 20px;
		-webkit-border-radius: 20px;
		-moz-border-radius: 20px;
		-o-border-radius: 20px;
}</style>
		</custom_style>
	</theme_setting>
	<color_setting>
		<header>
			<background_color>#222222</background_color>
			<drd_link_color></drd_link_color>
			<drd_link_hover_color></drd_link_hover_color>
			<header_background_color></header_background_color>
			<header_border_color></header_border_color>
			<header_custom>1</header_custom>
			<link_color>#ffffff</link_color>
			<link_hover_color></link_hover_color>
			<text_color>#ffffff</text_color>
		</header>
		<main>
			<button_background_hover>#d03a0a</button_background_hover>
			<button_border_hover>#d03a0a</button_border_hover>
			<link_color_hover>#d03a0a</link_color_hover>
			<main_custom>1</main_custom>
			<primary_button_background_hover>#d03a0a</primary_button_background_hover>
			<primary_button_border_hover>#d03a0a</primary_button_border_hover>
			<secondary_button_background>#d03a0a</secondary_button_background>
			<secondary_button_border>#d03a0a</secondary_button_border>
			<secondary_button_text>#ffffff</secondary_button_text>
			<secondary_button_text_hover>#ffffff</secondary_button_text_hover>
		</main>
	</color_setting>

</home>