<?xml version="1.0" encoding="UTF-8"?>
<!--
/**
 * BSS Commerce Co.
 *
 * NOTICE OF LICENSE
 *
 * This source file is subject to the EULA
 * that is bundled with this package in the file LICENSE.txt.
 * It is also available through the world-wide-web at this URL:
 * http://bsscommerce.com/Bss-Commerce-License.txt
 *
 * @category   BSS
 * @package    Bss_CustomerApproval
 * @author     Extension Team
 * @copyright  Copyright (c) 2017-2021 BSS Commerce Co. ( http://bsscommerce.com )
 * @license    http://bsscommerce.com/Bss-Commerce-License.txt
 */
-->
<routes xmlns:xsi="http://www.w3.org/2001/XMLSchema-instance"
        xsi:noNamespaceSchemaLocation="urn:magento:module:Magento_Webapi:etc/webapi.xsd">
    <route method="GET" url="/V1/bsscommerce/customerapproval/getconfig/storeviewid/:storeViewId">
        <service class="Bss\CustomerApproval\Api\CustomerApprovalManagementInterface" method="getConfig"/>
        <resources>
            <resource ref="Bss_CustomerApproval::api"/>
        </resources>
    </route>
    <route method="GET" url="/V1/bsscommerce/customerapproval/valuecustomerstatus">
        <service class="Bss\CustomerApproval\Api\CustomerApprovalManagementInterface" method="getValueCustomerStatus"/>
        <resources>
            <resource ref="Bss_CustomerApproval::api"/>
        </resources>
    </route>
</routes>
