<?xml version="1.0"?>
<config xmlns:xsi="http://www.w3.org/2001/XMLSchema-instance" xsi:noNamespaceSchemaLocation="urn:magento:framework:Acl/etc/acl.xsd">
    <acl>
        <resources>
            <resource id="Magento_Backend::admin">
				<resource id="Magento_Backend::mgs">
					<resource id="MGS_PurchasedProduct::purchase_product" title="Purchased Product" sortOrder="60">
						<resource id="MGS_PurchasedProduct::configuration" title="Configuration" sortOrder="20"/>
					</resource>
				</resource>
                <resource id="Magento_Backend::stores">
                    <resource id="Magento_Backend::stores_settings">
                        <resource id="Magento_Config::config">
                            
							<resource id="MGS_Mpanel::mpanel">
								<resource id="MGS_PurchasedProduct::config_purchased_product" title="Purchased Product" sortOrder="30"/>
							</resource>
                        </resource>
                    </resource>
                </resource>
            </resource>
        </resources>
    </acl>
</config>
