<?xml version="1.0"?>
<!--
/**
 * BSS Commerce Co.
 *
 * NOTICE OF LICENSE
 *
 * This source file is subject to the EULA
 * that is bundled with this package in the file LICENSE.txt.
 * It is also available through the world-wide-web at this URL:
 * http://bsscommerce.com/Bss-Commerce-License.txt
 *
 * @category   BSS
 * @package    Bss_CustomerAttributes
 * @author     Extension Team
 * @copyright  Copyright (c) 2018-2021 BSS Commerce Co. ( http://bsscommerce.com )
 * @license    http://bsscommerce.com/Bss-Commerce-License.txt
 */
-->
<config xmlns:xsi="http://www.w3.org/2001/XMLSchema-instance" xsi:noNamespaceSchemaLocation="urn:magento:module:Magento_Config:etc/system_file.xsd">
    <system>
        <tab id="bss" translate="label" sortOrder="300">
            <label><![CDATA[Bss Commerce]]></label>
        </tab>
        <section id="bss_customer_attribute" type="text" sortOrder="100" showInDefault="1" showInWebsite="1" showInStore="1">
            <label><![CDATA[Customer Attributes]]></label>
            <tab>bss</tab>
            <resource>Bss_CustomerAttributes::bss_customer_attribute_config</resource>
            <group id="general" translate="label" type="text" sortOrder="250" showInDefault="1" showInWebsite="1" showInStore="1">
                <label><![CDATA[Cutomer Attributes]]></label>
                <field id="enable" translate="label" type="select" sortOrder="1" showInDefault="1" showInWebsite="1" showInStore="1" canRestore="1">
                    <label><![CDATA[Enable]]></label>
                    <source_model>Magento\Config\Model\Config\Source\Yesno</source_model>
                    <comment><![CDATA[Version 1.3.4]]></comment>
                </field>
                <field id="title" translate="label" type="text" sortOrder="3" showInDefault="1" showInWebsite="1" showInStore="1" canRestore="1">
                    <label><![CDATA[Title of Customer Attributes]]></label>
                    <validate>required-entry</validate>
                    <comment><![CDATA[Title displayed in Registration Page, My Account Page]]></comment>
                    <depends><field id="*/general/enable">1</field></depends>
                </field>
                <field id="allow_download_file" translate="label" type="select" sortOrder="1" showInDefault="1" showInWebsite="1" showInStore="1" canRestore="1">
                    <label><![CDATA[Allow Download Customer Attribute File]]></label>
                    <source_model>Magento\Config\Model\Config\Source\Yesno</source_model>
                </field>
                <field id="set_required_attribute" translate="label" type="select" sortOrder="4" showInDefault="1" showInWebsite="1" showInStore="1" canRestore="1">
                    <label><![CDATA[Set Default Required Attribute For Existing Customer]]></label>
                    <source_model>Magento\Config\Model\Config\Source\Yesno</source_model>
                </field>
            </group>
        </section>
    </system>
</config>
