<?xml version="1.0"?>
<!--
/**
 * BSS Commerce Co.
 *
 * NOTICE OF LICENSE
 *
 * This source file is subject to the EULA
 * that is bundled with this package in the file LICENSE.txt.
 * It is also available through the world-wide-web at this URL:
 * http://bsscommerce.com/Bss-Commerce-License.txt
 *
 * @category   BSS
 * @package    Bss_CustomerAttributes
 * @author     Extension Team
 * @copyright  Copyright (c) 2018-2019 BSS Commerce Co. ( http://bsscommerce.com )
 * @license    http://bsscommerce.com/Bss-Commerce-License.txt
 */
-->
<config xmlns:xsi="http://www.w3.org/2001/XMLSchema-instance" xsi:noNamespaceSchemaLocation="urn:magento:framework:Acl/etc/acl.xsd">
    <acl>
        <resources>
            <resource id="Magento_Backend::admin">
                <resource id="Magento_Backend::stores">
                    <resource id="Magento_Backend::stores_settings">
                        <resource id="Magento_Config::config">
                            <resource id="Bss_CustomerAttributes::bss_customer_attribute_config" title="Customer Attributes" sortOrder="50" />
                        </resource>
                    </resource>
                </resource>
                <resource id="Magento_Customer::customer">
                    <resource id="Bss_CustomerAttributes::manage_customer_attribute" title="Manage Customer Attributes" sortOrder="100">
                        <resource id="Bss_CustomerAttributes::save" title="Customer Attributes Add" sortOrder="10" />
                        <resource id="Bss_CustomerAttributes::customer_attributes_edit" title="Customer Attributes Edit" sortOrder="10" />
                        <resource id="Bss_CustomerAttributes::customer_attributes_delete" title="Customer Attributes Delete" sortOrder="20" />
                    </resource>
                    <resource id="Bss_CustomerAttributes::manage_customer_address_attribute" title="Manage Customer Address Attributes" sortOrder="100">
                        <resource id="Bss_CustomerAttributes::customer_address_attributes_save" title="Customer Address Attributes Add" sortOrder="10" />
                        <resource id="Bss_CustomerAttributes::customer_address_attributes_edit" title="Customer Address Attributes Edit" sortOrder="10" />
                        <resource id="Bss_CustomerAttributes::customer_address_attributes_delete" title="Customer Address Attributes Delete" sortOrder="20" />
                    </resource>
                </resource>
            </resource>
        </resources>
    </acl>
</config>
