<?xml version="1.0"?>
<!--
/**
 * BSS Commerce Co.
 *
 * NOTICE OF LICENSE
 *
 * This source file is subject to the EULA
 * that is bundled with this package in the file LICENSE.txt.
 * It is also available through the world-wide-web at this URL:
 * http://bsscommerce.com/Bss-Commerce-License.txt
 *
 * @category   BSS
 * @package    Bss_CustomerAttributes
 * @author     Extension Team
 * @copyright  Copyright (c) 2018-2021 BSS Commerce Co. ( http://bsscommerce.com )
 * @license    http://bsscommerce.com/Bss-Commerce-License.txt
 */
-->
<config xmlns:xsi="http://www.w3.org/2001/XMLSchema-instance" xsi:noNamespaceSchemaLocation="urn:magento:framework:Module/etc/module.xsd">
        <module name="Bss_CustomerAttributes" setup_version="1.3.4" >
        	<sequence>
	            <module name="Magento_Customer"/>
                <module name="Magento_Sales"/>
                <module name="Magento_Eav"/>
	            <module name="Amazon_Payment"/>
	            <module name="Magento_Multishipping"/>
				<module name="Bss_OneStepCheckout"/>
	        </sequence>
        </module>
</config>
