<?xml version="1.0"?>
<!--
/**
 * Mageplaza
 *
 * NOTICE OF LICENSE
 *
 * This source file is subject to the Mageplaza.com license that is
 * available through the world-wide-web at this URL:
 * https://www.mageplaza.com/LICENSE.txt
 *
 * DISCLAIMER
 *
 * Do not edit or add to this file if you wish to upgrade this extension to newer
 * version in the future.
 *
 * @category    Mageplaza
 * @package     Mageplaza_CustomForm
 * @copyright   Copyright (c) Mageplaza (https://www.mageplaza.com/)
 * @license     https://www.mageplaza.com/LICENSE.txt
 */
-->
<config xmlns:xsi="http://www.w3.org/2001/XMLSchema-instance" xsi:noNamespaceSchemaLocation="urn:magento:module:Magento_Cron:etc/crontab.xsd">
    <group id="index">
        <job name="mageplaza_customform_cron_auto_response" instance="Mageplaza\CustomForm\Cron\AutoResponse"
             method="execute">
            <schedule>* * * * *</schedule>
        </job>
        <job name="mageplaza_customform_cron_admin_notification" instance="Mageplaza\CustomForm\Cron\AdminNotification"
             method="execute">
            <schedule>* * * * *</schedule>
        </job>
        <job name="mageplaza_customform_cron_admin_notification_daily" instance="Mageplaza\CustomForm\Cron\AdminNotificationDaily"
             method="execute">
            <schedule>* 0 * * *</schedule>
        </job>
    </group>
</config>
