<?xml version="1.0"?>
<!--
/**
 * BSS Commerce Co.
 *
 * NOTICE OF LICENSE
 *
 * This source file is subject to the EULA
 * that is bundled with this package in the file LICENSE.txt.
 * It is also available through the world-wide-web at this URL:
 * http://bsscommerce.com/Bss-Commerce-License.txt
 *
 * @category   BSS
 * @package    Bss_B2bRegistration
 * @author     Extension Team
 * @copyright  Copyright (c) 2017-2020 BSS Commerce Co. ( http://bsscommerce.com )
 * @license    http://bsscommerce.com/Bss-Commerce-License.txt
 */
-->
<config xmlns:xsi="http://www.w3.org/2001/XMLSchema-instance" xsi:noNamespaceSchemaLocation="urn:magento:framework:Event/etc/events.xsd">
	<event name="customer_customer_authenticated">
        <observer name="bss_login" instance="Bss\B2bRegistration\Observer\LoginObserver" />
    </event>
    <event name="customer_register_success">
        <observer name="bss_register" instance="Bss\B2bRegistration\Observer\UpgradeStatusObserver" />
    </event>
    <event name="controller_action_predispatch">
        <observer name="bss_reload_page" instance="Bss\B2bRegistration\Observer\PageLoad" />
    </event>
</config>
