<home>
	<section>
		<name><![CDATA[block164]]></name>
		<theme_name><![CDATA[]]></theme_name>
		<block_cols><![CDATA[6,6]]></block_cols>
		<tablet_cols><![CDATA[["12","12"]]]></tablet_cols>
		<mobile_cols><![CDATA[["12","12"]]]></mobile_cols>
		<block_class><![CDATA[["margin-bottom30",""]]]></block_class>
		<class><![CDATA[padding-left15 padding-right15 border-top]]></class>
		<background><![CDATA[]]></background>
		<background_image><![CDATA[]]></background_image>
		<background_repeat><![CDATA[0]]></background_repeat>
		<background_cover><![CDATA[0]]></background_cover>
		<parallax><![CDATA[0]]></parallax>
		<fullwidth><![CDATA[1]]></fullwidth>
		<padding_top><![CDATA[30]]></padding_top>
		<padding_bottom><![CDATA[]]></padding_bottom>
		<block_position><![CDATA[0]]></block_position>
	</section>
	<section>
		<name><![CDATA[block165]]></name>
		<theme_name><![CDATA[]]></theme_name>
		<block_cols><![CDATA[4,4,4]]></block_cols>
		<tablet_cols><![CDATA[["4","4","4"]]]></tablet_cols>
		<mobile_cols><![CDATA[["12","12","12"]]]></mobile_cols>
		<block_class><![CDATA[["margin-bottom30","margin-bottom30","margin-bottom30"]]]></block_class>
		<class><![CDATA[]]></class>
		<background><![CDATA[]]></background>
		<background_image><![CDATA[]]></background_image>
		<background_repeat><![CDATA[0]]></background_repeat>
		<background_cover><![CDATA[0]]></background_cover>
		<parallax><![CDATA[0]]></parallax>
		<fullwidth><![CDATA[0]]></fullwidth>
		<padding_top><![CDATA[30]]></padding_top>
		<padding_bottom><![CDATA[80]]></padding_bottom>
		<block_position><![CDATA[1]]></block_position>
	</section>
	<section>
		<name><![CDATA[block167]]></name>
		<theme_name><![CDATA[]]></theme_name>
		<block_cols><![CDATA[12]]></block_cols>
		<tablet_cols><![CDATA[["12"]]]></tablet_cols>
		<mobile_cols><![CDATA[["12"]]]></mobile_cols>
		<block_class><![CDATA[[""]]]></block_class>
		<class><![CDATA[simple-product]]></class>
		<background><![CDATA[]]></background>
		<background_image><![CDATA[]]></background_image>
		<background_repeat><![CDATA[0]]></background_repeat>
		<background_cover><![CDATA[0]]></background_cover>
		<parallax><![CDATA[0]]></parallax>
		<fullwidth><![CDATA[0]]></fullwidth>
		<padding_top><![CDATA[]]></padding_top>
		<padding_bottom><![CDATA[68]]></padding_bottom>
		<block_position><![CDATA[2]]></block_position>
	</section>
	<section>
		<name><![CDATA[block168]]></name>
		<theme_name><![CDATA[]]></theme_name>
		<block_cols><![CDATA[12]]></block_cols>
		<tablet_cols><![CDATA[["12"]]]></tablet_cols>
		<mobile_cols><![CDATA[["12"]]]></mobile_cols>
		<block_class><![CDATA[[""]]]></block_class>
		<class><![CDATA[]]></class>
		<background><![CDATA[]]></background>
		<background_image><![CDATA[/b/g/bg-decor.jpg]]></background_image>
		<background_repeat><![CDATA[0]]></background_repeat>
		<background_cover><![CDATA[0]]></background_cover>
		<parallax><![CDATA[0]]></parallax>
		<fullwidth><![CDATA[0]]></fullwidth>
		<padding_top><![CDATA[100]]></padding_top>
		<padding_bottom><![CDATA[90]]></padding_bottom>
		<block_position><![CDATA[3]]></block_position>
	</section>
	<section>
		<name><![CDATA[block169]]></name>
		<theme_name><![CDATA[]]></theme_name>
		<block_cols><![CDATA[12]]></block_cols>
		<tablet_cols><![CDATA[["12"]]]></tablet_cols>
		<mobile_cols><![CDATA[["12"]]]></mobile_cols>
		<block_class><![CDATA[[""]]]></block_class>
		<class><![CDATA[]]></class>
		<background><![CDATA[]]></background>
		<background_image><![CDATA[]]></background_image>
		<background_repeat><![CDATA[0]]></background_repeat>
		<background_cover><![CDATA[0]]></background_cover>
		<parallax><![CDATA[0]]></parallax>
		<fullwidth><![CDATA[0]]></fullwidth>
		<padding_top><![CDATA[68]]></padding_top>
		<padding_bottom><![CDATA[68]]></padding_bottom>
		<block_position><![CDATA[4]]></block_position>
	</section>
	<section>
		<name><![CDATA[block170]]></name>
		<theme_name><![CDATA[]]></theme_name>
		<block_cols><![CDATA[12]]></block_cols>
		<tablet_cols><![CDATA[["12"]]]></tablet_cols>
		<mobile_cols><![CDATA[["12"]]]></mobile_cols>
		<block_class><![CDATA[[""]]]></block_class>
		<class><![CDATA[]]></class>
		<background><![CDATA[]]></background>
		<background_image><![CDATA[]]></background_image>
		<background_repeat><![CDATA[0]]></background_repeat>
		<background_cover><![CDATA[0]]></background_cover>
		<parallax><![CDATA[0]]></parallax>
		<fullwidth><![CDATA[0]]></fullwidth>
		<padding_top><![CDATA[]]></padding_top>
		<padding_bottom><![CDATA[68]]></padding_bottom>
		<block_position><![CDATA[5]]></block_position>
	</section>
	<section>
		<name><![CDATA[block171]]></name>
		<theme_name><![CDATA[]]></theme_name>
		<block_cols><![CDATA[12]]></block_cols>
		<tablet_cols><![CDATA[["12"]]]></tablet_cols>
		<mobile_cols><![CDATA[["12"]]]></mobile_cols>
		<block_class><![CDATA[[""]]]></block_class>
		<class><![CDATA[]]></class>
		<background><![CDATA[]]></background>
		<background_image><![CDATA[]]></background_image>
		<background_repeat><![CDATA[0]]></background_repeat>
		<background_cover><![CDATA[0]]></background_cover>
		<parallax><![CDATA[0]]></parallax>
		<fullwidth><![CDATA[1]]></fullwidth>
		<padding_top><![CDATA[]]></padding_top>
		<padding_bottom><![CDATA[]]></padding_bottom>
		<block_position><![CDATA[6]]></block_position>
	</section>
	<block>
		<block_name><![CDATA[block164-1]]></block_name>
		<type><![CDATA[promo_banner]]></type>
		<position><![CDATA[1]]></position>
		<setting><![CDATA[{"animation":"","animation_delay":"","text_colour":"","link_colour":"","link_hover_colour":"","button_colour":"","button_hover_colour":"","button_text_colour":"","button_text_hover_colour":"","button_border_colour":"","button_border_hover_colour":"","banner_id":"decor_banner_1"}]]></setting>
		<col><![CDATA[6]]></col>
		<class><![CDATA[col-sm-6 col-xs-6 col-xxs-12  margin-bottom30]]></class>
		<block_content><![CDATA[{{widget type="MGS\Promobanners\Block\Widget\Banner" banner_id="decor_banner_1" template="banner.phtml"}}]]></block_content>
	</block>
	<block>
		<block_name><![CDATA[block164-1]]></block_name>
		<type><![CDATA[promo_banner]]></type>
		<position><![CDATA[2]]></position>
		<setting><![CDATA[{"animation":"","animation_delay":"","text_colour":"","link_colour":"","link_hover_colour":"","button_colour":"","button_hover_colour":"","button_text_colour":"","button_text_hover_colour":"","button_border_colour":"","button_border_hover_colour":"","banner_id":"decor_banner_2"}]]></setting>
		<col><![CDATA[6]]></col>
		<class><![CDATA[col-sm-6 col-xs-6 col-xxs-12 margin-bottom30]]></class>
		<block_content><![CDATA[{{widget type="MGS\Promobanners\Block\Widget\Banner" banner_id="decor_banner_2" template="banner.phtml"}}]]></block_content>
	</block>
	<block>
		<block_name><![CDATA[block164-1]]></block_name>
		<type><![CDATA[promo_banner]]></type>
		<position><![CDATA[0]]></position>
		<setting><![CDATA[{"animation":"","animation_delay":"","text_colour":"","link_colour":"","link_hover_colour":"","button_colour":"","button_hover_colour":"","button_text_colour":"","button_text_hover_colour":"","button_border_colour":"","button_border_hover_colour":"","banner_id":"decor_banner_3"}]]></setting>
		<col><![CDATA[6]]></col>
		<class><![CDATA[col-sm-6 col-xs-6 col-xxs-12 margin-bottom30 pull-right]]></class>
		<block_content><![CDATA[{{widget type="MGS\Promobanners\Block\Widget\Banner" banner_id="decor_banner_3" template="banner.phtml"}}]]></block_content>
	</block>
	<block>
		<block_name><![CDATA[block165-0]]></block_name>
		<type><![CDATA[promo_banner]]></type>
		<position><![CDATA[1]]></position>
		<setting><![CDATA[{"animation":"","animation_delay":"","text_colour":"","link_colour":"","link_hover_colour":"","button_colour":"","button_hover_colour":"","button_text_colour":"","button_text_hover_colour":"","button_border_colour":"","button_border_hover_colour":"","banner_id":"decor_banner_4"}]]></setting>
		<col><![CDATA[12]]></col>
		<class><![CDATA[]]></class>
		<block_content><![CDATA[{{widget type="MGS\Promobanners\Block\Widget\Banner" banner_id="decor_banner_4" template="banner.phtml"}}]]></block_content>
	</block>
	<block>
		<block_name><![CDATA[block165-1]]></block_name>
		<type><![CDATA[deals]]></type>
		<position><![CDATA[1]]></position>
		<setting><![CDATA[{"title":"","additional_content":"","animation":"","animation_delay":"","limit":"1","perrow":"1","template":"grid.phtml","ratio":"4","number_row":"1","category_id":["63"],"text_colour":"","link_colour":"","link_hover_colour":"","button_colour":"","button_hover_colour":"","button_text_colour":"","button_text_hover_colour":"","button_border_colour":"","button_border_hover_colour":"","use_slider":0,"autoplay":0,"stop_auto":0,"navigation":0,"pagination":0,"use_tabs":0,"loadmore":0}]]></setting>
		<col><![CDATA[12]]></col>
		<class><![CDATA[]]></class>
		<block_content><![CDATA[{{block class="MGS\Mpanel\Block\Products\Deals" mgs_panel_title="" mgs_panel_note="" limit="1" perrow="1" ratio="4" category_ids="63" use_slider="0" loadmore="0" template="products/deals/grid.phtml"}}]]></block_content>
	</block>
	<block>
		<block_name><![CDATA[block165-2]]></block_name>
		<type><![CDATA[promo_banner]]></type>
		<position><![CDATA[1]]></position>
		<setting><![CDATA[{"animation":"","animation_delay":"","text_colour":"text-colour-white","link_colour":"","link_hover_colour":"","button_colour":"","button_hover_colour":"","button_text_colour":"","button_text_hover_colour":"","button_border_colour":"","button_border_hover_colour":"","banner_id":"decor_banner_5"}]]></setting>
		<col><![CDATA[12]]></col>
		<class><![CDATA[]]></class>
		<block_content><![CDATA[{{widget type="MGS\Promobanners\Block\Widget\Banner" banner_id="decor_banner_5" template="banner.phtml"}}]]></block_content>
	</block>
	<block>
		<block_name><![CDATA[block167-0]]></block_name>
		<type><![CDATA[static]]></type>
		<position><![CDATA[1]]></position>
		<setting><![CDATA[{"animation":"","animation_delay":""}]]></setting>
		<col><![CDATA[12]]></col>
		<class><![CDATA[]]></class>
		<block_content><![CDATA[<div class="content-heading">
							<h3 class="title">HOT PRODUCTS</h3>
										<div class="block-note">Top view in the week</div>
					</div>]]></block_content>
	</block>
	<block>
		<block_name><![CDATA[block167-0]]></block_name>
		<type><![CDATA[attribute_products]]></type>
		<position><![CDATA[2]]></position>
		<setting><![CDATA[{"title":"","additional_content":"","animation":"","animation_delay":"","attribute":"best_seller","limit":"4","perrow":"2","numbercol":"1","percol":"","template":"grid.phtml","ratio":"4","number_row":"1","category_id":["63"],"text_colour":"","link_colour":"","link_hover_colour":"","button_colour":"","button_hover_colour":"","button_text_colour":"","button_text_hover_colour":"","button_border_colour":"","button_border_hover_colour":"","use_slider":0,"autoplay":0,"stop_auto":0,"navigation":0,"pagination":0,"use_tabs":0,"loadmore":0}]]></setting>
		<col><![CDATA[6]]></col>
		<class><![CDATA[col-sm-6 col-xs-12]]></class>
		<block_content><![CDATA[{{block class="MGS\Mpanel\Block\Products\Attributes" mgs_panel_title="" mgs_panel_note="" limit="4" ratio="4" category_ids="63" attribute="best_seller" use_slider="0" loadmore="0" template="products/attribute/grid.phtml" perrow="2"}}]]></block_content>
	</block>
	<block>
		<block_name><![CDATA[block167-0]]></block_name>
		<type><![CDATA[promo_banner]]></type>
		<position><![CDATA[3]]></position>
		<setting><![CDATA[{"animation":"","animation_delay":"","text_colour":"","link_colour":"","link_hover_colour":"","button_colour":"","button_hover_colour":"","button_text_colour":"","button_text_hover_colour":"","button_border_colour":"","button_border_hover_colour":"","banner_id":"decor_banner_6"}]]></setting>
		<col><![CDATA[6]]></col>
		<class><![CDATA[col-sm-6 col-xs-12 margin-bottom20]]></class>
		<block_content><![CDATA[{{widget type="MGS\Promobanners\Block\Widget\Banner" banner_id="decor_banner_6" template="banner.phtml"}}]]></block_content>
	</block>
	<block>
		<block_name><![CDATA[block167-0]]></block_name>
		<type><![CDATA[promo_banner]]></type>
		<position><![CDATA[4]]></position>
		<setting><![CDATA[{"animation":"","animation_delay":"","text_colour":"","link_colour":"","link_hover_colour":"","button_colour":"","button_hover_colour":"","button_text_colour":"","button_text_hover_colour":"","button_border_colour":"","button_border_hover_colour":"","banner_id":"decor_banner_7"}]]></setting>
		<col><![CDATA[6]]></col>
		<class><![CDATA[col-sm-6 col-xs-12 first-row-item first-sm-item margin-bottom25]]></class>
		<block_content><![CDATA[{{widget type="MGS\Promobanners\Block\Widget\Banner" banner_id="decor_banner_7" template="banner.phtml"}}]]></block_content>
	</block>
	<block>
		<block_name><![CDATA[block167-0]]></block_name>
		<type><![CDATA[attribute_products]]></type>
		<position><![CDATA[5]]></position>
		<setting><![CDATA[{"title":"","additional_content":"","animation":"","animation_delay":"","attribute":"trending","limit":"6","perrow":"2","numbercol":"1","percol":"","template":"grid.phtml","ratio":"4","number_row":"1","category_id":["63"],"text_colour":"","link_colour":"","link_hover_colour":"","button_colour":"","button_hover_colour":"","button_text_colour":"","button_text_hover_colour":"","button_border_colour":"","button_border_hover_colour":"","use_slider":0,"autoplay":0,"stop_auto":0,"navigation":0,"pagination":0,"use_tabs":0,"loadmore":0}]]></setting>
		<col><![CDATA[6]]></col>
		<class><![CDATA[col-sm-6 col-xs-12 pull-right]]></class>
		<block_content><![CDATA[{{block class="MGS\Mpanel\Block\Products\Attributes" mgs_panel_title="" mgs_panel_note="" limit="6" ratio="4" category_ids="63" attribute="trending" use_slider="0" loadmore="0" template="products/attribute/grid.phtml" perrow="2"}}]]></block_content>
	</block>
	<block>
		<block_name><![CDATA[block168-0]]></block_name>
		<type><![CDATA[static]]></type>
		<position><![CDATA[1]]></position>
		<setting><![CDATA[{"animation":"","animation_delay":""}]]></setting>
		<col><![CDATA[12]]></col>
		<class><![CDATA[]]></class>
		<block_content><![CDATA[<div class="decor-banner text-center text-uppercase text-colour-white">
<p style="font-size: 50px; font-weight: 400; line-height: 50px;">get up to 20% discount</p>
<p style="font-size: 50px; font-weight: 600; line-height: 50px;">on orders of $100 and more</p>
<p></p>
</div>]]></block_content>
	</block>
	<block>
		<block_name><![CDATA[block169-0]]></block_name>
		<type><![CDATA[latest_posts]]></type>
		<position><![CDATA[1]]></position>
		<setting><![CDATA[{"title":"LATEST FROM BLOG","additional_content":"The freshest and most exciting news","animation":"","animation_delay":"","post_category":["1","2","3","4","5"],"number_of_posts":"3","items":"3","template":"default.phtml","show_thumbnail":"1","show_short_content":"1","limit_characters_short_content":"115","view_as":"1","number_row":"1","text_colour":"","link_colour":"","link_hover_colour":"","button_colour":"","button_hover_colour":"","button_text_colour":"","button_text_hover_colour":"","button_border_colour":"","button_border_hover_colour":"","autoplay":0,"stop_auto":0,"navigation":0,"pagination":0}]]></setting>
		<col><![CDATA[12]]></col>
		<class><![CDATA[]]></class>
		<block_content><![CDATA[{{widget type="MGS\Blog\Block\Widget\Latest" mgs_panel_title="LATEST FROM BLOG" post_category="1,2,3,4,5" number_of_posts="3" items="3" show_thumbnail="1" mgs_panel_note="The freshest and most exciting news" template="widget/default.phtml" show_short_content="1" limit_characters_short_content="115" view_as="owl_carousel" autoplay="0" stop_auto="0" navigation="0" pagination="0" number_row="1"}}]]></block_content>
	</block>
	<block>
		<block_name><![CDATA[block170-0]]></block_name>
		<type><![CDATA[brands]]></type>
		<position><![CDATA[1]]></position>
		<setting><![CDATA[{"title":"OUR BRANDS","additional_content":"The freshest and most exciting news","animation":"","animation_delay":"","limit":"12","perrow":"5","brand_by":"all","use_slider":"1","number_row":"1","navigation":"1","autoplay":0,"stop_auto":0,"pagination":0}]]></setting>
		<col><![CDATA[12]]></col>
		<class><![CDATA[]]></class>
		<block_content><![CDATA[{{block class="MGS\Brand\Block\Widget\Home" mgs_panel_title="OUR BRANDS" mgs_panel_note="The freshest and most exciting news" limit="12" perrow="5" use_slider="1" brand_by="all" template="widget/home.phtml" autoplay="0" stop_auto="0" navigation="1" pagination="0" number_row="1"}}]]></block_content>
	</block>
	<block>
		<block_name><![CDATA[block167-0]]></block_name>
		<type><![CDATA[attribute_products]]></type>
		<position><![CDATA[6]]></position>
		<setting><![CDATA[{"title":"","additional_content":"","animation":"","animation_delay":"","attribute":"featured","limit":"2","perrow":"2","numbercol":"1","percol":"","template":"grid.phtml","ratio":"4","number_row":"1","category_id":["63"],"text_colour":"","link_colour":"","link_hover_colour":"","button_colour":"","button_hover_colour":"","button_text_colour":"","button_text_hover_colour":"","button_border_colour":"","button_border_hover_colour":"","use_slider":0,"autoplay":0,"stop_auto":0,"navigation":0,"pagination":0,"use_tabs":0,"loadmore":0}]]></setting>
		<col><![CDATA[6]]></col>
		<class><![CDATA[col-sm-6 col-xs-12]]></class>
		<block_content><![CDATA[{{block class="MGS\Mpanel\Block\Products\Attributes" mgs_panel_title="" mgs_panel_note="" limit="2" ratio="4" category_ids="63" attribute="featured" use_slider="0" loadmore="0" template="products/attribute/grid.phtml" perrow="2"}}]]></block_content>
	</block>
	<block>
		<block_name><![CDATA[block171-0]]></block_name>
		<type><![CDATA[static]]></type>
		<position><![CDATA[1]]></position>
		<setting><![CDATA[{"animation":"","animation_delay":""}]]></setting>
		<col><![CDATA[12]]></col>
		<class><![CDATA[]]></class>
		<block_content><![CDATA[<div>{{widget type="Magento\Cms\Block\Widget\Block" template="widget/static_block/default.phtml" block_id="optimize_instagram_funiture"}}</div>]]></block_content>
	</block>
	<block>
		<block_name><![CDATA[block164-0]]></block_name>
		<type><![CDATA[owl_banner]]></type>
		<position><![CDATA[1]]></position>
		<setting><![CDATA[{"block_link":"","animation":"","animation_delay":"","removeimg":["","","","","","","","","","","","","","","","","","","","","","",""],"html_slider":"<div data-text-position=\"middle\" data-text-animate=\"zoomOut\" class=\"item zoomOut\"><a style=\"background-image:url(http:\/\/themes.magesolution.com\/claue\/m2\/pub\/media\/wysiwyg\/slider\/slider8.jpg)\" class=\"item-image\" href=\"\"><img class=\"img-responsive\" src=\"http:\/\/themes.magesolution.com\/claue\/m2\/pub\/media\/wysiwyg\/slider\/slider8.jpg\" alt=\"\"><\/a><div class=\"slide-text middle\"><div class=\"inner-text\"><div class=\"text-center text-colour-white\">\r\n<h5 class=\"sub-title text-colour-white\">Spring - Summer 2020<\/h5>\r\n<h2 class=\"text-colour-white big-text\">BEST OF COLLECTION<\/h2>\r\n<p>Duis aute irure dolor in reprehenderit in voluptate velit essecillum dolore \r\neu fugiat nulla pariatur. Excepteur sint occaecat cupidatat nonproident<\/p>\r\n<a href=\"#\" class=\"btn btn-default\">Shop now<\/a>\r\n<\/div><\/div><\/div><\/div><div data-text-position=\"middle\" data-text-animate=\"zoomOut\" class=\"item zoomOut\"><a style=\"background-image:url(http:\/\/themes.magesolution.com\/claue\/m2\/pub\/media\/wysiwyg\/slider\/slider8.jpg)\" class=\"item-image\" href=\"\"><img class=\"img-responsive\" src=\"http:\/\/themes.magesolution.com\/claue\/m2\/pub\/media\/wysiwyg\/slider\/slider8.jpg\" alt=\"\"><\/a><div class=\"slide-text middle\"><div class=\"inner-text\"><div class=\"text-center text-colour-white\">\r\n<h5 class=\"sub-title text-colour-white\">Spring - Summer 2020<\/h5>\r\n<h2 class=\"text-colour-white big-text\">BEST OF COLLECTION<\/h2>\r\n<p>Duis aute irure dolor in reprehenderit in voluptate velit essecillum dolore \r\neu fugiat nulla pariatur. Excepteur sint occaecat cupidatat nonproident<\/p>\r\n<a href=\"#\" class=\"btn btn-default\">Shop now<\/a>\r\n<\/div><\/div><\/div><\/div>","offset":"","effect":"1","speed":"","navtemple":"1","loop":"1","fullscreen":0,"autoplay":0,"stop_auto":0,"navigation":0,"pagination":0,"fullheight":0}]]></setting>
		<col><![CDATA[12]]></col>
		<class><![CDATA[]]></class>
		<block_content><![CDATA[{{block class="MGS\Mpanel\Block\Widget\OwlCarousel" fullscreen="0" autoplay="0" stop_auto="0" navigation="0" offset="" fullheight="0" pagination="0" loop="1" speed="" html_slider="&lt;div data-text-position=&quot;middle&quot; data-text-animate=&quot;zoomOut&quot; class=&quot;item zoomOut&quot;&gt;&lt;a style=&quot;background-image:url(http:\/\/themes.magesolution.com\/claue\/m2\/pub/media/wysiwyg/slider/slider8.jpg)&quot; class=&quot;item-image&quot; href=&quot;&quot;&gt;&lt;img class=&quot;img-responsive&quot; src=&quot;pub/media/wysiwyg/slider/slider8.jpg&quot; alt=&quot;&quot;&gt;&lt;/a&gt;&lt;div class=&quot;slide-text middle&quot;&gt;&lt;div class=&quot;inner-text&quot;&gt;&lt;div class=&quot;text-center text-colour-white&quot;&gt;
&lt;h5 class=&quot;sub-title text-colour-white&quot;&gt;Spring - Summer 2020&lt;/h5&gt;
&lt;h2 class=&quot;text-colour-white big-text&quot;&gt;BEST OF COLLECTION&lt;/h2&gt;
&lt;p&gt;Duis aute irure dolor in reprehenderit in voluptate velit essecillum dolore 
eu fugiat nulla pariatur. Excepteur sint occaecat cupidatat nonproident&lt;/p&gt;
&lt;a href=&quot;#&quot; class=&quot;btn btn-default&quot;&gt;Shop now&lt;/a&gt;
&lt;/div&gt;&lt;/div&gt;&lt;/div&gt;&lt;/div&gt;&lt;div data-text-position=&quot;middle&quot; data-text-animate=&quot;zoomOut&quot; class=&quot;item zoomOut&quot;&gt;&lt;a style=&quot;background-image:url(http:\/\/themes.magesolution.com\/claue\/m2\/pub/media/wysiwyg/slider/slider8.jpg)&quot; class=&quot;item-image&quot; href=&quot;&quot;&gt;&lt;img class=&quot;img-responsive&quot; src=&quot;pub/media/wysiwyg/slider/slider8.jpg&quot; alt=&quot;&quot;&gt;&lt;/a&gt;&lt;div class=&quot;slide-text middle&quot;&gt;&lt;div class=&quot;inner-text&quot;&gt;&lt;div class=&quot;text-center text-colour-white&quot;&gt;
&lt;h5 class=&quot;sub-title text-colour-white&quot;&gt;Spring - Summer 2020&lt;/h5&gt;
&lt;h2 class=&quot;text-colour-white big-text&quot;&gt;BEST OF COLLECTION&lt;/h2&gt;
&lt;p&gt;Duis aute irure dolor in reprehenderit in voluptate velit essecillum dolore 
eu fugiat nulla pariatur. Excepteur sint occaecat cupidatat nonproident&lt;/p&gt;
&lt;a href=&quot;#&quot; class=&quot;btn btn-default&quot;&gt;Shop now&lt;/a&gt;
&lt;/div&gt;&lt;/div&gt;&lt;/div&gt;&lt;/div&gt;" navtemple="1" effect="1" template="widget/owl_slider.phtml"}}]]></block_content>
	</block>
	<promo_banner>
		<item>
			<title><![CDATA[Decor Banner 1]]></title>
			<filename><![CDATA[/d/e/decor_banner1_1.jpg]]></filename>
			<url><![CDATA[http://claue.magesolution.com/m2/decor.html]]></url>
			<button><![CDATA[Painting & Pictures]]></button>
			<text_align><![CDATA[bottom-center]]></text_align>
			<content><![CDATA[]]></content>
			<effect><![CDATA[zoom]]></effect>
			<custom_class><![CDATA[]]></custom_class>
			<status><![CDATA[1]]></status>
			<identifier><![CDATA[decor_banner_1]]></identifier>
		</item>
		<item>
			<title><![CDATA[Decor Banner 2]]></title>
			<filename><![CDATA[/d/e/decor_banner2_1.jpg]]></filename>
			<url><![CDATA[http://claue.magesolution.com/m2/decor.html]]></url>
			<button><![CDATA[Kitchen & Tabletop]]></button>
			<text_align><![CDATA[bottom-center]]></text_align>
			<content><![CDATA[]]></content>
			<effect><![CDATA[zoom]]></effect>
			<custom_class><![CDATA[]]></custom_class>
			<status><![CDATA[1]]></status>
			<identifier><![CDATA[decor_banner_2]]></identifier>
		</item>
		<item>
			<title><![CDATA[Decor Banner 3]]></title>
			<filename><![CDATA[/d/e/decor_banner3_3.jpg]]></filename>
			<url><![CDATA[http://claue.magesolution.com/m2/decor.html]]></url>
			<button><![CDATA[Flowers & Plants]]></button>
			<text_align><![CDATA[bottom-center]]></text_align>
			<content><![CDATA[]]></content>
			<effect><![CDATA[zoom]]></effect>
			<custom_class><![CDATA[]]></custom_class>
			<status><![CDATA[1]]></status>
			<identifier><![CDATA[decor_banner_3]]></identifier>
		</item>
		<item>
			<title><![CDATA[Decor Banner 4]]></title>
			<filename><![CDATA[/d/e/decor_banner4.jpg]]></filename>
			<url><![CDATA[]]></url>
			<button><![CDATA[]]></button>
			<text_align><![CDATA[bottom-left]]></text_align>
			<content><![CDATA[<div class="padding-left15 padding-bottom30">
<p class="fwm ls__1 lh__1" style="font-size:14px; color:#222222;font-weight:600">VIEW COLLECTION</p>
<p class="big-text" style="font-size:35px; line-height:35px; color:#222222;font-weight:600">LOOKBOOK 2016</p>
<p>your world of fashion in numbers</p></div>]]></content>
			<effect><![CDATA[zoom]]></effect>
			<custom_class><![CDATA[sm-text30]]></custom_class>
			<status><![CDATA[1]]></status>
			<identifier><![CDATA[decor_banner_4]]></identifier>
		</item>
		<item>
			<title><![CDATA[Decor Banner 5]]></title>
			<filename><![CDATA[/d/e/decor_banner5_2.jpg]]></filename>
			<url><![CDATA[]]></url>
			<button><![CDATA[]]></button>
			<text_align><![CDATA[middle-center]]></text_align>
			<content><![CDATA[<div class="text-center padding-bottom30"><p class="ls__1 lh__1" style="font-size:18px;font-weight:600">SUMMER SALE</p>
<p class="big-text nowrap" style="font-size:50px; line-height:50px;font-weight:600">UP TO 70%</p>
<div><button class="btn btn-custom" onclick="setLocation('{{store url=""}}women.html')" style="font-size:14px;">Shop Now</button></div></div>]]></content>
			<effect><![CDATA[zoom]]></effect>
			<custom_class><![CDATA[sm-text30]]></custom_class>
			<status><![CDATA[1]]></status>
			<identifier><![CDATA[decor_banner_5]]></identifier>
		</item>
		<item>
			<title><![CDATA[Decor Banner 6]]></title>
			<filename><![CDATA[/d/e/decor_banner6.jpg]]></filename>
			<url><![CDATA[]]></url>
			<button><![CDATA[]]></button>
			<text_align><![CDATA[middle-center]]></text_align>
			<content><![CDATA[<div class="text-center padding-bottom30"><h3 class="margin-bottom10 ls__1 lh__1" style="font-size:18px; color:#fff;font-weight:600">LIGHTING SALE</h3>
<h4 class="margin-bottom10 nowrap" style="font-size:50px; line-height:50px; color:#fff;">UP TO 70%</h4>
<p  style="color:#fff">buy desk and floor lamps at astonishing prices</p>
</div>]]></content>
			<effect><![CDATA[zoom]]></effect>
			<custom_class><![CDATA[]]></custom_class>
			<status><![CDATA[1]]></status>
			<identifier><![CDATA[decor_banner_6]]></identifier>
		</item>
		<item>
			<title><![CDATA[Decor Banner 7]]></title>
			<filename><![CDATA[/d/e/decor_banner7.jpg]]></filename>
			<url><![CDATA[]]></url>
			<button><![CDATA[]]></button>
			<text_align><![CDATA[top-left]]></text_align>
			<content><![CDATA[<div class="padding-left15 padding-top30">
<h3 class="margin-bottom10 ls__1 lh__1" style="font-size:14px; color:#222222;font-weight:600">HOME DECORATION</h3>
<h4 class="margin-bottom10" style="font-size:50px; line-height:50px; color:#222222;">NEW ARRIVALS</h4>
</div>]]></content>
			<effect><![CDATA[zoom]]></effect>
			<custom_class><![CDATA[]]></custom_class>
			<status><![CDATA[1]]></status>
			<identifier><![CDATA[decor_banner_7]]></identifier>
		</item>
	</promo_banner>
	<theme_setting>
		<general>
			<footer>footer_2</footer>
			<header>header_2</header>
			<layout>wide</layout>
		</general>
	</theme_setting>

</home>