<home>
	<section>
		<name><![CDATA[block73]]></name>
		<theme_name><![CDATA[]]></theme_name>
		<block_cols><![CDATA[12]]></block_cols>
		<tablet_cols><![CDATA[["12"]]]></tablet_cols>
		<mobile_cols><![CDATA[["12"]]]></mobile_cols>
		<block_class><![CDATA[[""]]]></block_class>
		<class><![CDATA[instagram-section]]></class>
		<background><![CDATA[]]></background>
		<background_image><![CDATA[]]></background_image>
		<background_repeat><![CDATA[0]]></background_repeat>
		<background_cover><![CDATA[0]]></background_cover>
		<parallax><![CDATA[0]]></parallax>
		<fullwidth><![CDATA[1]]></fullwidth>
		<padding_top><![CDATA[]]></padding_top>
		<padding_bottom><![CDATA[60]]></padding_bottom>
		<block_position><![CDATA[1]]></block_position>
	</section>
	<section>
		<name><![CDATA[block74]]></name>
		<theme_name><![CDATA[]]></theme_name>
		<block_cols><![CDATA[12]]></block_cols>
		<tablet_cols><![CDATA[["12"]]]></tablet_cols>
		<mobile_cols><![CDATA[["12"]]]></mobile_cols>
		<block_class><![CDATA[[""]]]></block_class>
		<class><![CDATA[]]></class>
		<background><![CDATA[]]></background>
		<background_image><![CDATA[]]></background_image>
		<background_repeat><![CDATA[0]]></background_repeat>
		<background_cover><![CDATA[0]]></background_cover>
		<parallax><![CDATA[0]]></parallax>
		<fullwidth><![CDATA[1]]></fullwidth>
		<padding_top><![CDATA[]]></padding_top>
		<padding_bottom><![CDATA[60]]></padding_bottom>
		<block_position><![CDATA[0]]></block_position>
	</section>
	<block>
		<block_name><![CDATA[block73-0]]></block_name>
		<type><![CDATA[snapppt]]></type>
		<position><![CDATA[1]]></position>
		<setting><![CDATA[{"title":"Test","additional_content":"Test d2","animation":"","animation_delay":""}]]></setting>
		<col><![CDATA[12]]></col>
		<class><![CDATA[hehehe]]></class>
		<block_content><![CDATA[{{block class="MGS\Social\Block\Panel\Widget" mgs_panel_title="Test" mgs_panel_note="Test d2" template="widget/snapppt_shop.phtml"}}]]></block_content>
	</block>
	<block>
		<block_name><![CDATA[block74-0]]></block_name>
		<type><![CDATA[static]]></type>
		<position><![CDATA[1]]></position>
		<setting><![CDATA[{"animation":"","animation_delay":""}]]></setting>
		<col><![CDATA[12]]></col>
		<class><![CDATA[col-xs-12]]></class>
		<block_content><![CDATA[<div class="page-title-wrapper" style="background: url(pub/media/wysiwyg/shop-category.jpg);">
	<div class="container">
		<h1 class="page-header"><span class="base" data-ui-id="page-title-wrapper" itemprop="name">HOME INSTAGRAM SHOP</span></h1>
	</div>
</div>]]></block_content>
	</block>
	<theme_setting>
		<general>
			<layout>wide</layout>
		</general>
	</theme_setting>
</home>