<home>
	<section>
		<name><![CDATA[block116]]></name>
		<theme_name><![CDATA[]]></theme_name>
		<block_cols><![CDATA[9,3]]></block_cols>
		<tablet_cols><![CDATA[["12","12"]]]></tablet_cols>
		<mobile_cols><![CDATA[["12","12"]]]></mobile_cols>
		<block_class><![CDATA[["margin-bottom30",""]]]></block_class>
		<class><![CDATA[]]></class>
		<background><![CDATA[]]></background>
		<background_image><![CDATA[]]></background_image>
		<background_repeat><![CDATA[0]]></background_repeat>
		<background_cover><![CDATA[0]]></background_cover>
		<parallax><![CDATA[0]]></parallax>
		<fullwidth><![CDATA[0]]></fullwidth>
		<padding_top><![CDATA[30]]></padding_top>
		<padding_bottom><![CDATA[]]></padding_bottom>
		<block_position><![CDATA[0]]></block_position>
	</section>
	<section>
		<name><![CDATA[block117]]></name>
		<theme_name><![CDATA[]]></theme_name>
		<block_cols><![CDATA[12]]></block_cols>
		<tablet_cols><![CDATA[["12"]]]></tablet_cols>
		<mobile_cols><![CDATA[["12"]]]></mobile_cols>
		<block_class><![CDATA[[""]]]></block_class>
		<class><![CDATA[]]></class>
		<background><![CDATA[]]></background>
		<background_image><![CDATA[]]></background_image>
		<background_repeat><![CDATA[0]]></background_repeat>
		<background_cover><![CDATA[0]]></background_cover>
		<parallax><![CDATA[0]]></parallax>
		<fullwidth><![CDATA[0]]></fullwidth>
		<padding_top><![CDATA[46]]></padding_top>
		<padding_bottom><![CDATA[]]></padding_bottom>
		<block_position><![CDATA[1]]></block_position>
	</section>
	<section>
		<name><![CDATA[block118]]></name>
		<theme_name><![CDATA[]]></theme_name>
		<block_cols><![CDATA[6,6]]></block_cols>
		<tablet_cols><![CDATA[["6","6"]]]></tablet_cols>
		<mobile_cols><![CDATA[["12","12"]]]></mobile_cols>
		<block_class><![CDATA[["margin-bottom30","margin-bottom30"]]]></block_class>
		<class><![CDATA[]]></class>
		<background><![CDATA[]]></background>
		<background_image><![CDATA[]]></background_image>
		<background_repeat><![CDATA[0]]></background_repeat>
		<background_cover><![CDATA[0]]></background_cover>
		<parallax><![CDATA[0]]></parallax>
		<fullwidth><![CDATA[0]]></fullwidth>
		<padding_top><![CDATA[50]]></padding_top>
		<padding_bottom><![CDATA[48]]></padding_bottom>
		<block_position><![CDATA[2]]></block_position>
	</section>
	<section>
		<name><![CDATA[block119]]></name>
		<theme_name><![CDATA[]]></theme_name>
		<block_cols><![CDATA[12]]></block_cols>
		<tablet_cols><![CDATA[]]></tablet_cols>
		<mobile_cols><![CDATA[]]></mobile_cols>
		<block_class><![CDATA[]]></block_class>
		<class><![CDATA[]]></class>
		<background><![CDATA[]]></background>
		<background_image><![CDATA[]]></background_image>
		<background_repeat><![CDATA[0]]></background_repeat>
		<background_cover><![CDATA[0]]></background_cover>
		<parallax><![CDATA[0]]></parallax>
		<fullwidth><![CDATA[0]]></fullwidth>
		<padding_top><![CDATA[]]></padding_top>
		<padding_bottom><![CDATA[]]></padding_bottom>
		<block_position><![CDATA[3]]></block_position>
	</section>
	<section>
		<name><![CDATA[block120]]></name>
		<theme_name><![CDATA[]]></theme_name>
		<block_cols><![CDATA[12]]></block_cols>
		<tablet_cols><![CDATA[["12"]]]></tablet_cols>
		<mobile_cols><![CDATA[["12"]]]></mobile_cols>
		<block_class><![CDATA[[""]]]></block_class>
		<class><![CDATA[]]></class>
		<background><![CDATA[]]></background>
		<background_image><![CDATA[]]></background_image>
		<background_repeat><![CDATA[0]]></background_repeat>
		<background_cover><![CDATA[0]]></background_cover>
		<parallax><![CDATA[0]]></parallax>
		<fullwidth><![CDATA[0]]></fullwidth>
		<padding_top><![CDATA[40]]></padding_top>
		<padding_bottom><![CDATA[]]></padding_bottom>
		<block_position><![CDATA[4]]></block_position>
	</section>
	<section>
		<name><![CDATA[block121]]></name>
		<theme_name><![CDATA[]]></theme_name>
		<block_cols><![CDATA[12]]></block_cols>
		<tablet_cols><![CDATA[["12"]]]></tablet_cols>
		<mobile_cols><![CDATA[["12"]]]></mobile_cols>
		<block_class><![CDATA[[""]]]></block_class>
		<class><![CDATA[]]></class>
		<background><![CDATA[]]></background>
		<background_image><![CDATA[]]></background_image>
		<background_repeat><![CDATA[0]]></background_repeat>
		<background_cover><![CDATA[0]]></background_cover>
		<parallax><![CDATA[0]]></parallax>
		<fullwidth><![CDATA[0]]></fullwidth>
		<padding_top><![CDATA[30]]></padding_top>
		<padding_bottom><![CDATA[80]]></padding_bottom>
		<block_position><![CDATA[5]]></block_position>
	</section>
	<block>
		<block_name><![CDATA[block116-1]]></block_name>
		<type><![CDATA[promo_banner]]></type>
		<position><![CDATA[1]]></position>
		<setting><![CDATA[{"animation":"","animation_delay":"","text_colour":"","link_colour":"","link_hover_colour":"","button_colour":"","button_hover_colour":"","button_text_colour":"","button_text_hover_colour":"","button_border_colour":"","button_border_hover_colour":"","banner_id":"claue_watch_banner_1"}]]></setting>
		<col><![CDATA[12]]></col>
		<class><![CDATA[col-sm-6 col-xs-12 margin-bottom30]]></class>
		<block_content><![CDATA[{{widget type="MGS\Promobanners\Block\Widget\Banner" banner_id="claue_watch_banner_1" template="banner.phtml"}}]]></block_content>
	</block>
	<block>
		<block_name><![CDATA[block116-1]]></block_name>
		<type><![CDATA[promo_banner]]></type>
		<position><![CDATA[2]]></position>
		<setting><![CDATA[{"animation":"","animation_delay":"","text_colour":"","link_colour":"","link_hover_colour":"","button_colour":"","button_hover_colour":"","button_text_colour":"","button_text_hover_colour":"","button_border_colour":"","button_border_hover_colour":"","banner_id":"claue_watch_banner_2"}]]></setting>
		<col><![CDATA[12]]></col>
		<class><![CDATA[col-sm-6 col-xs-12 margin-bottom30]]></class>
		<block_content><![CDATA[{{widget type="MGS\Promobanners\Block\Widget\Banner" banner_id="claue_watch_banner_2" template="banner.phtml"}}]]></block_content>
	</block>
	<block>
		<block_name><![CDATA[block117-0]]></block_name>
		<type><![CDATA[tabs]]></type>
		<position><![CDATA[1]]></position>
		<setting><![CDATA[{"title":"HOT PRODUCTS","additional_content":"Top view in the week","animation":"","animation_delay":"","tabs":{"mgs_sale_products_tabs":{"value":"mgs_sale_products_tabs","label":"Hot Sale","position":"3"},"9512":{"value":"trending","label":"Featured","position":"2"},"9088":{"value":"best_seller","label":"Best Seller","position":"1"}},"tab_template":"1","limit":"8","perrow":"4","ratio":"4","number_row":"1","category_id":["53"],"text_colour":"","link_colour":"","link_hover_colour":"","button_colour":"","button_hover_colour":"","button_text_colour":"","button_text_hover_colour":"","button_border_colour":"","button_border_hover_colour":"","use_slider":0,"autoplay":0,"stop_auto":0,"navigation":0,"pagination":0,"use_tabs":0,"loadmore":0}]]></setting>
		<col><![CDATA[12]]></col>
		<class><![CDATA[col-xs-12]]></class>
		<block_content><![CDATA[{{block class="MGS\Mpanel\Block\Products\Tabs" mgs_panel_title="HOT PRODUCTS" mgs_panel_note="Top view in the week" limit="8" perrow="4" category_ids="53" use_slider="0" loadmore="0" ratio="4" tabs="best_seller,trending,mgs_sale_products_tabs" template="products/tabs/grid.phtml" tab_template="1"labels="Best Seller,Featured,Hot Sale"}}]]></block_content>
	</block>
	<block>
		<block_name><![CDATA[block119-0]]></block_name>
		<type><![CDATA[new_products]]></type>
		<position><![CDATA[1]]></position>
		<setting><![CDATA[{"title":"NEW ARRIVALS","additional_content":"The freshest and most exciting news","animation":"","animation_delay":"","limit":"8","perrow":"4","numbercol":"1","percol":"","template":"grid.phtml","ratio":"4","use_slider":"1","number_row":"1","navigation":"1","category_id":["53"],"text_colour":"","link_colour":"","link_hover_colour":"","button_colour":"","button_hover_colour":"","button_text_colour":"","button_text_hover_colour":"","button_border_colour":"","button_border_hover_colour":"","autoplay":0,"stop_auto":0,"pagination":0,"use_tabs":0,"loadmore":0}]]></setting>
		<col><![CDATA[12]]></col>
		<class><![CDATA[col-xs-12]]></class>
		<block_content><![CDATA[{{block class="MGS\Mpanel\Block\Products\NewProducts" mgs_panel_title="NEW ARRIVALS" mgs_panel_note="The freshest and most exciting news" limit="8" ratio="4" category_ids="53" use_slider="1" loadmore="0" template="products/new/grid.phtml" perrow="4" autoplay="0" stop_auto="0" navigation="1" pagination="0" number_row="1"}}]]></block_content>
	</block>
	<block>
		<block_name><![CDATA[block120-0]]></block_name>
		<type><![CDATA[latest_posts]]></type>
		<position><![CDATA[1]]></position>
		<setting><![CDATA[{"title":"LATEST FROM BLOG","additional_content":"The freshest and most exciting news","animation":"","animation_delay":"","post_category":["1","2","3","4","5"],"number_of_posts":"3","items":"3","template":"default.phtml","show_thumbnail":"1","show_short_content":"1","limit_characters_short_content":"123","view_as":"1","number_row":"1","text_colour":"","link_colour":"","link_hover_colour":"","button_colour":"","button_hover_colour":"","button_text_colour":"","button_text_hover_colour":"","button_border_colour":"","button_border_hover_colour":"","autoplay":0,"stop_auto":0,"navigation":0,"pagination":0}]]></setting>
		<col><![CDATA[12]]></col>
		<class><![CDATA[col-xs-12 text-center]]></class>
		<block_content><![CDATA[{{widget type="MGS\Blog\Block\Widget\Latest" mgs_panel_title="LATEST FROM BLOG" post_category="1,2,3,4,5" number_of_posts="3" items="3" show_thumbnail="1" mgs_panel_note="The freshest and most exciting news" template="widget/default.phtml" show_short_content="1" limit_characters_short_content="123" view_as="owl_carousel" autoplay="0" stop_auto="0" navigation="0" pagination="0" number_row="1"}}]]></block_content>
	</block>
	<block>
		<block_name><![CDATA[block121-0]]></block_name>
		<type><![CDATA[brands]]></type>
		<position><![CDATA[1]]></position>
		<setting><![CDATA[{"title":"OUR BRANDS","additional_content":"The most popular brands","animation":"","animation_delay":"","limit":"8","perrow":"5","brand_by":"all","use_slider":"1","number_row":"1","navigation":"1","autoplay":0,"stop_auto":0,"pagination":0}]]></setting>
		<col><![CDATA[12]]></col>
		<class><![CDATA[col-xs-12]]></class>
		<block_content><![CDATA[{{block class="MGS\Brand\Block\Widget\Home" mgs_panel_title="OUR BRANDS" mgs_panel_note="The most popular brands" limit="8" perrow="5" use_slider="1" brand_by="all" template="widget/home.phtml" autoplay="0" stop_auto="0" navigation="1" pagination="0" number_row="1"}}]]></block_content>
	</block>
	<block>
		<block_name><![CDATA[block118-0]]></block_name>
		<type><![CDATA[promo_banner]]></type>
		<position><![CDATA[1]]></position>
		<setting><![CDATA[{"animation":"","animation_delay":"","text_colour":"","link_colour":"","link_hover_colour":"","button_colour":"","button_hover_colour":"","button_text_colour":"","button_text_hover_colour":"","button_border_colour":"","button_border_hover_colour":"","banner_id":"claue_watch_banner_3"}]]></setting>
		<col><![CDATA[12]]></col>
		<class><![CDATA[col-xs-12]]></class>
		<block_content><![CDATA[{{widget type="MGS\Promobanners\Block\Widget\Banner" banner_id="claue_watch_banner_3" template="banner.phtml"}}]]></block_content>
	</block>
	<block>
		<block_name><![CDATA[block118-1]]></block_name>
		<type><![CDATA[promo_banner]]></type>
		<position><![CDATA[1]]></position>
		<setting><![CDATA[{"animation":"","animation_delay":"","text_colour":"","link_colour":"","link_hover_colour":"","button_colour":"","button_hover_colour":"","button_text_colour":"","button_text_hover_colour":"","button_border_colour":"","button_border_hover_colour":"","banner_id":"claue_watch_banner_4"}]]></setting>
		<col><![CDATA[12]]></col>
		<class><![CDATA[col-xs-12]]></class>
		<block_content><![CDATA[{{widget type="MGS\Promobanners\Block\Widget\Banner" banner_id="claue_watch_banner_4" template="banner.phtml"}}]]></block_content>
	</block>
	<block>
		<block_name><![CDATA[block116-0]]></block_name>
		<type><![CDATA[owl_banner]]></type>
		<position><![CDATA[2]]></position>
		<setting><![CDATA[{"block_link":"","animation":"","animation_delay":"","removeimg":["","","","","","","","","","","","","","","","","","","","","",""],"html_slider":"<div data-text-position=\"middle_left\" data-text-animate=\"slideInLeft\" class=\"item slideInLeft\"><a class=\"item-image\" href=\"\" style=\"background-image:url(http:\/\/themes.magesolution.com\/claue\/m2\/pub\/media\/wysiwyg\/slider\/watch_slider_2_.jpg)\"><img class=\"img-responsive\" src=\"http:\/\/themes.magesolution.com\/claue\/m2\/pub\/media\/wysiwyg\/slider\/watch_slider_2_.jpg\" alt=\"\"><\/a><div class=\"slide-text middle_left\"><div class=\"inner-text middle_left\"><h5 class=\"sub-title\">Spring - Summer 2020<\/h5>\r\n<h2>FLASH SALE OF 70%<\/h2>\r\n<p>Duis aute irure dolor in reprehenderit in voluptate velit essecillum dolore \r\neu fugiat nulla pariatur. Excepteur sint occaecat cupidatat nonproident<\/p>\r\n<a href=\"#\" class=\"btn btn-default\">Shop now<\/a><\/div><\/div><\/div><div data-text-position=\"middle_left\" data-text-animate=\"slideInLeft\" class=\"item slideInLeft\"><a style=\"background-image:url(http:\/\/themes.magesolution.com\/claue\/m2\/pub\/media\/wysiwyg\/slider\/watch_slider_1_.jpg)\" class=\"item-image\" href=\"\"><img class=\"img-responsive\" src=\"http:\/\/themes.magesolution.com\/claue\/m2\/pub\/media\/wysiwyg\/slider\/watch_slider_1_.jpg\" alt=\"\"><\/a><div class=\"slide-text middle_left\"><div class=\"inner-text\"><h5 class=\"sub-title\">Spring - Summer 2020<\/h5>\r\n<h2>FLASH SALE OF 70%<\/h2>\r\n<p>Duis aute irure dolor in reprehenderit in voluptate velit essecillum dolore \r\neu fugiat nulla pariatur. Excepteur sint occaecat cupidatat nonproident<\/p>\r\n<a href=\"#\" class=\"btn btn-default\">Shop now<\/a><\/div><\/div><\/div>","offset":"","effect":"1","speed":"","navtemple":"1","loop":"1","fullscreen":0,"autoplay":0,"stop_auto":0,"navigation":0,"pagination":0,"fullheight":0}]]></setting>
		<col><![CDATA[12]]></col>
		<class><![CDATA[]]></class>
		<block_content><![CDATA[{{block class="MGS\Mpanel\Block\Widget\OwlCarousel" fullscreen="0" autoplay="0" stop_auto="0" navigation="0" offset="" fullheight="0" pagination="0" loop="1" speed="" html_slider="&lt;div data-text-position=&quot;middle_left&quot; data-text-animate=&quot;slideInLeft&quot; class=&quot;item slideInLeft&quot;&gt;&lt;a class=&quot;item-image&quot; href=&quot;&quot; style=&quot;background-image:url(http:\/\/themes.magesolution.com\/claue\/m2\/pub/media/wysiwyg/slider/watch_slider_2_.jpg)&quot;&gt;&lt;img class=&quot;img-responsive&quot; src=&quot;pub/media/wysiwyg/slider/watch_slider_2_.jpg&quot; alt=&quot;&quot;&gt;&lt;/a&gt;&lt;div class=&quot;slide-text middle_left&quot;&gt;&lt;div class=&quot;inner-text middle_left&quot;&gt;&lt;h5 class=&quot;sub-title&quot;&gt;Spring - Summer 2020&lt;/h5&gt;
&lt;h2&gt;FLASH SALE OF 70%&lt;/h2&gt;
&lt;p&gt;Duis aute irure dolor in reprehenderit in voluptate velit essecillum dolore 
eu fugiat nulla pariatur. Excepteur sint occaecat cupidatat nonproident&lt;/p&gt;
&lt;a href=&quot;#&quot; class=&quot;btn btn-default&quot;&gt;Shop now&lt;/a&gt;&lt;/div&gt;&lt;/div&gt;&lt;/div&gt;&lt;div data-text-position=&quot;middle_left&quot; data-text-animate=&quot;slideInLeft&quot; class=&quot;item slideInLeft&quot;&gt;&lt;a style=&quot;background-image:url(http:\/\/themes.magesolution.com\/claue\/m2\/pub/media/wysiwyg/slider/watch_slider_1_.jpg)&quot; class=&quot;item-image&quot; href=&quot;&quot;&gt;&lt;img class=&quot;img-responsive&quot; src=&quot;pub/media/wysiwyg/slider/watch_slider_1_.jpg&quot; alt=&quot;&quot;&gt;&lt;/a&gt;&lt;div class=&quot;slide-text middle_left&quot;&gt;&lt;div class=&quot;inner-text&quot;&gt;&lt;h5 class=&quot;sub-title&quot;&gt;Spring - Summer 2020&lt;/h5&gt;
&lt;h2&gt;FLASH SALE OF 70%&lt;/h2&gt;
&lt;p&gt;Duis aute irure dolor in reprehenderit in voluptate velit essecillum dolore 
eu fugiat nulla pariatur. Excepteur sint occaecat cupidatat nonproident&lt;/p&gt;
&lt;a href=&quot;#&quot; class=&quot;btn btn-default&quot;&gt;Shop now&lt;/a&gt;&lt;/div&gt;&lt;/div&gt;&lt;/div&gt;" navtemple="1" effect="1" template="widget/owl_slider.phtml"}}]]></block_content>
	</block>
	<promo_banner>
		<item>
			<title><![CDATA[Claue Watch Banner 1]]></title>
			<filename><![CDATA[/w/a/watch_banner_1.jpg]]></filename>
			<url><![CDATA[]]></url>
			<button><![CDATA[]]></button>
			<text_align><![CDATA[bottom-center]]></text_align>
			<content><![CDATA[<div class="text-center padding-bottom15">
<button onclick="setLocation('#');" class="btn btn-default btn-promo-banner">Sport Watches</button>
</div>]]></content>
			<effect><![CDATA[zoom]]></effect>
			<custom_class><![CDATA[]]></custom_class>
			<status><![CDATA[1]]></status>
			<identifier><![CDATA[claue_watch_banner_1]]></identifier>
		</item>
		<item>
			<title><![CDATA[Claue Watch Banner 2]]></title>
			<filename><![CDATA[/w/a/watch_banner_2.jpg]]></filename>
			<url><![CDATA[]]></url>
			<button><![CDATA[]]></button>
			<text_align><![CDATA[bottom-center]]></text_align>
			<content><![CDATA[<div class="text-center padding-bottom15">
<button onclick="setLocation('#');" class="btn btn-default btn-promo-banner">Leather Watches</button>
</div>]]></content>
			<effect><![CDATA[zoom]]></effect>
			<custom_class><![CDATA[]]></custom_class>
			<status><![CDATA[1]]></status>
			<identifier><![CDATA[claue_watch_banner_2]]></identifier>
		</item>
		<item>
			<title><![CDATA[Claue Watch Banner 3]]></title>
			<filename><![CDATA[/c/l/claue_watch_banner_3.jpg]]></filename>
			<url><![CDATA[]]></url>
			<button><![CDATA[]]></button>
			<text_align><![CDATA[middle-center]]></text_align>
			<content><![CDATA[<div class="text-center"><h3 style="font-size:24px; line-height:24px; color:#ffffff;">LOOKBOOK 2016</h3>
<div class="sub-title" style="font-size:14px; line-height:24px; color:#ffffff;"><em>Make love this look</em></div></div>]]></content>
			<effect><![CDATA[zoom]]></effect>
			<custom_class><![CDATA[]]></custom_class>
			<status><![CDATA[1]]></status>
			<identifier><![CDATA[claue_watch_banner_3]]></identifier>
		</item>
		<item>
			<title><![CDATA[Claue Watch Banner 4]]></title>
			<filename><![CDATA[/c/l/claue_watch_banner_4.jpg]]></filename>
			<url><![CDATA[]]></url>
			<button><![CDATA[]]></button>
			<text_align><![CDATA[middle-center]]></text_align>
			<content><![CDATA[<div class="text-center"><h3 style="font-size:18px; line-height:24px; color:#ffffff;">SUMMER SALE</h3>
<h4 class="nowrap" style="font-size:50px; line-height:50px; color:#ffffff;">UP TO 70%</h4></div>]]></content>
			<effect><![CDATA[zoom]]></effect>
			<custom_class><![CDATA[]]></custom_class>
			<status><![CDATA[1]]></status>
			<identifier><![CDATA[claue_watch_banner_4]]></identifier>
		</item>
	</promo_banner>
	<theme_setting>
		<general>
			<footer>footer_2</footer>
			<header>header_6</header>
			<layout>wide</layout>
		</general>
		<custom_style>
			<style>.header{position:relative;z-index:99}.big-item .products-grid .product-item-info.metro_template .product-top a.photo{padding-top:calc(133.3333% - 10px)!important}.products-grid .big-item .product-item-info.metro_template .product-top a.photo{padding-bottom:calc(133.3333% - 10px)!important}@media (min-width:1200px){.cms-index-index .header.header8 .vertical-menu-widget .vertical-menu{padding-bottom:60px}.header.header10 .navigation .nav-main-menu{transform:translateX(20px);-moz-transform:translateX(20px);-webkit-transform:translateX(20px);-ms-transform:translateX(20px)}}.header.header9 .vertical-menu-widget .vertical-menu{padding-bottom:31px}.rotate-image-container .rotate-j360{cursor:move}.mgs-quickview-catalog-product-view .product-detail-infomation.col-xs-12{height:auto!important}
@media (min-width: 1200px){.header .close-nav-button{left:-50px}}
@media (max-width: 767px) {.sub-categories{display: none}}
.success-ajax--popup .mfp-iframe-holder .mfp-close{top: -13px !important}

.page-layout-3columns .category-product-actions .filter-toggle,
.page-layout-2columns-right .category-product-actions .filter-toggle,
.page-layout-2columns-left .category-product-actions .filter-toggle {
	display: none;
}
.filter .filter-title{
	display: none;
}
.page-layout-1column .category-product-actions .filter-toggle {
    float: left;
    width: 20%;
}
.filter-open .page-layout-1column .category-product-actions .filter-toggle .title:after {
	position: fixed;
    left: 0;
    right: 0;
    top: 0;
    bottom: 0;
    background-color: #000;
    opacity: 0.8;
    display: block;
    content: "";
    z-index: 998;
}
.page-layout-1column .category-product-actions .filter-toggle .title {
	font-size: 36px;
    cursor: pointer;
    line-height: 1;
    color: #222;
}
.page-layout-1column .category-product-actions .filter-toggle .title > span{
	-moz-transform:rotate(-90deg);
    -ms-transform:rotate(-90deg);
    -o-transform:rotate(-90deg);
    -webkit-transform:rotate(-90deg);
}
.filter-open .page-layout-1column .block.filter .block-content.filter-content {
    opacity: 1;
    visibility: visible;
    transform: translateX(0);
    -webkit-transform: translateX(0);
    -moz-transform: translateX(0);
    -o-transform: translateX(0);
}
@media (max-width: 991px) {
    .checkout-container {
        z-index: 98;
    }
}
.catalog-product-view .lazy-loading-img .page-main > div.row {
    margin-right: 0px;
}
.header .dropdown-toplinks .dropdown-menu{left:0; right: auto}
.header.header5 .table-icon-menu .minicart-wrapper .block-minicart{left: auto;z-index: 999}
.minicart-wrapper.active:after{opacity:0.7}
.product-detail-infomation-sticky-parent > .col-xs-12 + div { width: 50% !important; }
.header.header9.active-sticky .middle-header-content .logo-header .logo,
.header.header8.active-sticky .middle-header-content .logo-header .logo{padding: 0 !important}
.header .logo-left-header .logo {
    display: block;
    text-align: center;
    display: -webkit-box;
    display: -webkit-flex;
    display: -ms-flexbox;
    display: flex;
    -webkit-box-align: center;
    -webkit-align-items: center;
    -ms-flex-align: center;
    align-items: center;
    margin: 5px 0;
    min-height: 51px;
}
.search-open .search-form .mgs-instant-search-dropdown{top: calc(100% + 20px)}
.cms-index-index .header.header6:not(.active-sticky){background-color: #fff !important}
.slide-text .big-text,.slide-text h2 {
    font-size: 50px;
    font-weight: 700;
}</style>
		</custom_style>
	</theme_setting>
	<color_setting>
		<header>
			<header_border_color>#f5f5f5</header_border_color>
			<header_custom>1</header_custom>
		</header>
	</color_setting>

</home>