<home>
	<section>
		<name><![CDATA[block68]]></name>
		<theme_name><![CDATA[]]></theme_name>
		<block_cols><![CDATA[12]]></block_cols>
		<tablet_cols><![CDATA[["12"]]]></tablet_cols>
		<mobile_cols><![CDATA[["12"]]]></mobile_cols>
		<block_class><![CDATA[[""]]]></block_class>
		<class><![CDATA[lookbook_banner]]></class>
		<background><![CDATA[]]></background>
		<background_image><![CDATA[/l/o/look-book-slider.jpg]]></background_image>
		<background_repeat><![CDATA[0]]></background_repeat>
		<background_cover><![CDATA[1]]></background_cover>
		<parallax><![CDATA[1]]></parallax>
		<fullwidth><![CDATA[0]]></fullwidth>
		<padding_top><![CDATA[]]></padding_top>
		<padding_bottom><![CDATA[]]></padding_bottom>
		<block_position><![CDATA[1]]></block_position>
	</section>
	<section>
		<name><![CDATA[block69]]></name>
		<theme_name><![CDATA[]]></theme_name>
		<block_cols><![CDATA[12]]></block_cols>
		<tablet_cols><![CDATA[["12"]]]></tablet_cols>
		<mobile_cols><![CDATA[["12"]]]></mobile_cols>
		<block_class><![CDATA[[""]]]></block_class>
		<class><![CDATA[lookbook_banner]]></class>
		<background><![CDATA[]]></background>
		<background_image><![CDATA[/s/l/slideshow_image_1_2x.jpg]]></background_image>
		<background_repeat><![CDATA[0]]></background_repeat>
		<background_cover><![CDATA[1]]></background_cover>
		<parallax><![CDATA[1]]></parallax>
		<fullwidth><![CDATA[0]]></fullwidth>
		<padding_top><![CDATA[]]></padding_top>
		<padding_bottom><![CDATA[]]></padding_bottom>
		<block_position><![CDATA[2]]></block_position>
	</section>
	<section>
		<name><![CDATA[block70]]></name>
		<theme_name><![CDATA[]]></theme_name>
		<block_cols><![CDATA[12]]></block_cols>
		<tablet_cols><![CDATA[["12"]]]></tablet_cols>
		<mobile_cols><![CDATA[["12"]]]></mobile_cols>
		<block_class><![CDATA[[""]]]></block_class>
		<class><![CDATA[lookbook_banner]]></class>
		<background><![CDATA[]]></background>
		<background_image><![CDATA[/b/a/banner1.jpg]]></background_image>
		<background_repeat><![CDATA[0]]></background_repeat>
		<background_cover><![CDATA[1]]></background_cover>
		<parallax><![CDATA[1]]></parallax>
		<fullwidth><![CDATA[0]]></fullwidth>
		<padding_top><![CDATA[]]></padding_top>
		<padding_bottom><![CDATA[]]></padding_bottom>
		<block_position><![CDATA[3]]></block_position>
	</section>
	<section>
		<name><![CDATA[block71]]></name>
		<theme_name><![CDATA[]]></theme_name>
		<block_cols><![CDATA[12]]></block_cols>
		<tablet_cols><![CDATA[["12"]]]></tablet_cols>
		<mobile_cols><![CDATA[["12"]]]></mobile_cols>
		<block_class><![CDATA[[""]]]></block_class>
		<class><![CDATA[lookbook_banner]]></class>
		<background><![CDATA[]]></background>
		<background_image><![CDATA[/z/a/zara-october-lookbook.jpg]]></background_image>
		<background_repeat><![CDATA[0]]></background_repeat>
		<background_cover><![CDATA[1]]></background_cover>
		<parallax><![CDATA[1]]></parallax>
		<fullwidth><![CDATA[0]]></fullwidth>
		<padding_top><![CDATA[]]></padding_top>
		<padding_bottom><![CDATA[]]></padding_bottom>
		<block_position><![CDATA[4]]></block_position>
	</section>
	<block>
		<block_name><![CDATA[block68-0]]></block_name>
		<type><![CDATA[static]]></type>
		<position><![CDATA[1]]></position>
		<setting><![CDATA[{"animation":"","animation_delay":""}]]></setting>
		<col><![CDATA[12]]></col>
		<class><![CDATA[col-xs-12]]></class>
		<block_content><![CDATA[<div class="text-center">
<h5 class="lh__1 sub-title"><em class="text-colour-white">SS 2017 New Arrival</em></h5>
<h2 class="big-title lh__1 margin-top20 margin-bottom20"><strong class="text-colour-white">SALE OFF TO 70%</strong></h2>
<div><button class="btn btn-default2" onclick="setLocation('#')" target="_blank">Shop Now</button></div>
</div>]]></block_content>
	</block>
	<block>
		<block_name><![CDATA[block69-0]]></block_name>
		<type><![CDATA[static]]></type>
		<position><![CDATA[1]]></position>
		<setting><![CDATA[{"animation":"","animation_delay":""}]]></setting>
		<col><![CDATA[12]]></col>
		<class><![CDATA[col-xs-12]]></class>
		<block_content><![CDATA[<div class="text-center">
<h2 class="big-title lh__1 margin-bottom20"><strong class="text-colour-white">WOMENS 2017 LOOKBOOK</strong></h2>
<h5 class="lh__1 sub-title margin-bottom30"><em class="text-colour-white">Discover for latest collection</em></h5>
<div><button class="btn btn-default2" onclick="setLocation('#')" target="_blank">Explore Now</button></div>
</div>]]></block_content>
	</block>
	<block>
		<block_name><![CDATA[block70-0]]></block_name>
		<type><![CDATA[static]]></type>
		<position><![CDATA[1]]></position>
		<setting><![CDATA[{"animation":"","animation_delay":""}]]></setting>
		<col><![CDATA[12]]></col>
		<class><![CDATA[col-xs-12]]></class>
		<block_content><![CDATA[<div class="text-center">
<h5 class="lh__1 sub-title"><em class="text-colour-white">Hot Trending</em></h5>
<h2 class="big-title lh__1 margin-top20 margin-bottom20"><strong class="text-colour-white">MENS COLLECTION</strong></h2>
<div><button class="btn btn-default2" onclick="setLocation('#')" target="_blank">Shop Now</button></div>
</div>]]></block_content>
	</block>
	<block>
		<block_name><![CDATA[block71-0]]></block_name>
		<type><![CDATA[static]]></type>
		<position><![CDATA[1]]></position>
		<setting><![CDATA[{"animation":"","animation_delay":""}]]></setting>
		<col><![CDATA[12]]></col>
		<class><![CDATA[col-xs-12]]></class>
		<block_content><![CDATA[<div class="text-center">
<h2 class="big-title lh__1 margin-bottom20"><strong class="text-colour-white">FALL 2017 COLLECTIONS</strong></h2>
<h5 class="lh__1 sub-title margin-bottom30"><em class="text-colour-white">Enjoy this Fall Trends</em></h5>
<div><button class="btn btn-default2" onclick="setLocation('#')" target="_blank">Explore Now</button></div>
</div>]]></block_content>
	</block>
	<theme_setting>
		<general>
			<header>header_7</header>
			<layout>wide</layout>
		</general>
	</theme_setting>

</home>