<home>
	<section>
		<name><![CDATA[block122]]></name>
		<theme_name><![CDATA[]]></theme_name>
		<block_cols><![CDATA[12]]></block_cols>
		<tablet_cols><![CDATA[["12"]]]></tablet_cols>
		<mobile_cols><![CDATA[["12"]]]></mobile_cols>
		<block_class><![CDATA[[""]]]></block_class>
		<class><![CDATA[]]></class>
		<background><![CDATA[]]></background>
		<background_image><![CDATA[]]></background_image>
		<background_repeat><![CDATA[0]]></background_repeat>
		<background_cover><![CDATA[0]]></background_cover>
		<parallax><![CDATA[0]]></parallax>
		<fullwidth><![CDATA[1]]></fullwidth>
		<padding_top><![CDATA[]]></padding_top>
		<padding_bottom><![CDATA[]]></padding_bottom>
		<block_position><![CDATA[1]]></block_position>
	</section>
	<section>
		<name><![CDATA[block123]]></name>
		<theme_name><![CDATA[]]></theme_name>
		<block_cols><![CDATA[4,4,4]]></block_cols>
		<tablet_cols><![CDATA[["6","6","4"]]]></tablet_cols>
		<mobile_cols><![CDATA[["12","12","12"]]]></mobile_cols>
		<block_class><![CDATA[["margin-bottom30","margin-bottom30 pull-right",""]]]></block_class>
		<class><![CDATA[padding-left30 padding-right30]]></class>
		<background><![CDATA[]]></background>
		<background_image><![CDATA[]]></background_image>
		<background_repeat><![CDATA[0]]></background_repeat>
		<background_cover><![CDATA[0]]></background_cover>
		<parallax><![CDATA[0]]></parallax>
		<fullwidth><![CDATA[1]]></fullwidth>
		<padding_top><![CDATA[30]]></padding_top>
		<padding_bottom><![CDATA[]]></padding_bottom>
		<block_position><![CDATA[2]]></block_position>
	</section>
	<section>
		<name><![CDATA[block124]]></name>
		<theme_name><![CDATA[]]></theme_name>
		<block_cols><![CDATA[12]]></block_cols>
		<tablet_cols><![CDATA[["12"]]]></tablet_cols>
		<mobile_cols><![CDATA[["12"]]]></mobile_cols>
		<block_class><![CDATA[[""]]]></block_class>
		<class><![CDATA[]]></class>
		<background><![CDATA[]]></background>
		<background_image><![CDATA[]]></background_image>
		<background_repeat><![CDATA[0]]></background_repeat>
		<background_cover><![CDATA[0]]></background_cover>
		<parallax><![CDATA[0]]></parallax>
		<fullwidth><![CDATA[0]]></fullwidth>
		<padding_top><![CDATA[48]]></padding_top>
		<padding_bottom><![CDATA[]]></padding_bottom>
		<block_position><![CDATA[3]]></block_position>
	</section>
	<section>
		<name><![CDATA[block125]]></name>
		<theme_name><![CDATA[]]></theme_name>
		<block_cols><![CDATA[3,3,6]]></block_cols>
		<tablet_cols><![CDATA[["6","6","12"]]]></tablet_cols>
		<mobile_cols><![CDATA[["12","12","12"]]]></mobile_cols>
		<block_class><![CDATA[["","pull-right",""]]]></block_class>
		<class><![CDATA[container-large]]></class>
		<background><![CDATA[]]></background>
		<background_image><![CDATA[]]></background_image>
		<background_repeat><![CDATA[0]]></background_repeat>
		<background_cover><![CDATA[0]]></background_cover>
		<parallax><![CDATA[0]]></parallax>
		<fullwidth><![CDATA[0]]></fullwidth>
		<padding_top><![CDATA[]]></padding_top>
		<padding_bottom><![CDATA[]]></padding_bottom>
		<block_position><![CDATA[4]]></block_position>
	</section>
	<section>
		<name><![CDATA[block126]]></name>
		<theme_name><![CDATA[]]></theme_name>
		<block_cols><![CDATA[3,3,6]]></block_cols>
		<tablet_cols><![CDATA[["6","6","12"]]]></tablet_cols>
		<mobile_cols><![CDATA[["12","12","12"]]]></mobile_cols>
		<block_class><![CDATA[["","",""]]]></block_class>
		<class><![CDATA[container-large]]></class>
		<background><![CDATA[]]></background>
		<background_image><![CDATA[]]></background_image>
		<background_repeat><![CDATA[0]]></background_repeat>
		<background_cover><![CDATA[0]]></background_cover>
		<parallax><![CDATA[0]]></parallax>
		<fullwidth><![CDATA[0]]></fullwidth>
		<padding_top><![CDATA[]]></padding_top>
		<padding_bottom><![CDATA[]]></padding_bottom>
		<block_position><![CDATA[5]]></block_position>
	</section>
	<section>
		<name><![CDATA[block127]]></name>
		<theme_name><![CDATA[]]></theme_name>
		<block_cols><![CDATA[3,3,3,3]]></block_cols>
		<tablet_cols><![CDATA[["6","6","6","6"]]]></tablet_cols>
		<mobile_cols><![CDATA[["12","12","12","12"]]]></mobile_cols>
		<block_class><![CDATA[["","","first-sm-item",""]]]></block_class>
		<class><![CDATA[container-large]]></class>
		<background><![CDATA[]]></background>
		<background_image><![CDATA[]]></background_image>
		<background_repeat><![CDATA[0]]></background_repeat>
		<background_cover><![CDATA[0]]></background_cover>
		<parallax><![CDATA[0]]></parallax>
		<fullwidth><![CDATA[0]]></fullwidth>
		<padding_top><![CDATA[]]></padding_top>
		<padding_bottom><![CDATA[50]]></padding_bottom>
		<block_position><![CDATA[6]]></block_position>
	</section>
	<block>
		<block_name><![CDATA[block123-2]]></block_name>
		<type><![CDATA[deals]]></type>
		<position><![CDATA[1]]></position>
		<setting><![CDATA[{"title":"","additional_content":"","animation":"","animation_delay":"","limit":"1","perrow":"1","template":"grid.phtml","ratio":"4","number_row":"1","category_id":["54"],"text_colour":"","link_colour":"","link_hover_colour":"","button_colour":"","button_hover_colour":"","button_text_colour":"","button_text_hover_colour":"","button_border_colour":"","button_border_hover_colour":"","use_slider":0,"autoplay":0,"stop_auto":0,"navigation":0,"pagination":0,"use_tabs":0,"loadmore":0}]]></setting>
		<col><![CDATA[12]]></col>
		<class><![CDATA[]]></class>
		<block_content><![CDATA[{{block class="MGS\Mpanel\Block\Products\Deals" mgs_panel_title="" mgs_panel_note="" limit="1" perrow="1" ratio="4" category_ids="54" use_slider="0" loadmore="0" template="products/deals/grid.phtml"}}]]></block_content>
	</block>
	<block>
		<block_name><![CDATA[block123-0]]></block_name>
		<type><![CDATA[promo_banner]]></type>
		<position><![CDATA[1]]></position>
		<setting><![CDATA[{"animation":"","animation_delay":"","text_colour":"","link_colour":"","link_hover_colour":"","button_colour":"","button_hover_colour":"","button_text_colour":"","button_text_hover_colour":"","button_border_colour":"","button_border_hover_colour":"","banner_id":"claue_shoes_banner_1"}]]></setting>
		<col><![CDATA[12]]></col>
		<class><![CDATA[]]></class>
		<block_content><![CDATA[{{widget type="MGS\Promobanners\Block\Widget\Banner" banner_id="claue_shoes_banner_1" template="banner.phtml"}}]]></block_content>
	</block>
	<block>
		<block_name><![CDATA[block123-1]]></block_name>
		<type><![CDATA[promo_banner]]></type>
		<position><![CDATA[1]]></position>
		<setting><![CDATA[{"animation":"","animation_delay":"","text_colour":"","link_colour":"","link_hover_colour":"","button_colour":"button-colour-transparent","button_hover_colour":"","button_text_colour":"","button_text_hover_colour":"","button_border_colour":"","button_border_hover_colour":"","banner_id":"claue_shoes_banner_2"}]]></setting>
		<col><![CDATA[12]]></col>
		<class><![CDATA[]]></class>
		<block_content><![CDATA[{{widget type="MGS\Promobanners\Block\Widget\Banner" banner_id="claue_shoes_banner_2" template="banner.phtml"}}]]></block_content>
	</block>
	<block>
		<block_name><![CDATA[block124-0]]></block_name>
		<type><![CDATA[static]]></type>
		<position><![CDATA[1]]></position>
		<setting><![CDATA[{"animation":"","animation_delay":""}]]></setting>
		<col><![CDATA[12]]></col>
		<class><![CDATA[col-xs-12]]></class>
		<block_content><![CDATA[<div class="content-heading">
							<h3 class="title">TRENDING</h3>
										<div class="block-note">Top view in the week</div>
					</div>]]></block_content>
	</block>
	<block>
		<block_name><![CDATA[block125-0]]></block_name>
		<type><![CDATA[special_product]]></type>
		<position><![CDATA[1]]></position>
		<setting><![CDATA[{"title":"","additional_content":"","animation":"","animation_delay":"","product_name_temp":"Sperry Top Sider Bahama 2-Eye","product_id":"386","ratio":"4","prd_template":"1","product_name":"1","product_price":"1","product_addcart":"1","characters_count":"","text_colour":"","link_colour":"","link_hover_colour":"","button_colour":"","button_hover_colour":"","button_text_colour":"","button_text_hover_colour":"","button_border_colour":"","button_border_hover_colour":"","product_rating":0,"product_description":0}]]></setting>
		<col><![CDATA[12]]></col>
		<class><![CDATA[col-xs-12]]></class>
		<block_content><![CDATA[{{block class="MGS\Mpanel\Block\Products\SpecialProduct" mgs_panel_title="" mgs_panel_note="" product_id="386" ratio="4" product_name="1" product_price="1" product_rating="0" product_description="0"  prd_template="1" product_addcart="1" template="products/single/default.phtml"}}]]></block_content>
	</block>
	<block>
		<block_name><![CDATA[block125-0]]></block_name>
		<type><![CDATA[special_product]]></type>
		<position><![CDATA[2]]></position>
		<setting><![CDATA[{"title":"","additional_content":"","animation":"","animation_delay":"","product_name_temp":"Globe Moonshine","product_id":"387","ratio":"4","prd_template":"1","product_name":"1","product_price":"1","product_addcart":"1","characters_count":"","text_colour":"","link_colour":"","link_hover_colour":"","button_colour":"","button_hover_colour":"","button_text_colour":"","button_text_hover_colour":"","button_border_colour":"","button_border_hover_colour":"","product_rating":0,"product_description":0}]]></setting>
		<col><![CDATA[12]]></col>
		<class><![CDATA[col-xs-12]]></class>
		<block_content><![CDATA[{{block class="MGS\Mpanel\Block\Products\SpecialProduct" mgs_panel_title="" mgs_panel_note="" product_id="387" ratio="4" product_name="1" product_price="1" product_rating="0" product_description="0"  prd_template="1" product_addcart="1" template="products/single/default.phtml"}}]]></block_content>
	</block>
	<block>
		<block_name><![CDATA[block125-2]]></block_name>
		<type><![CDATA[special_product]]></type>
		<position><![CDATA[1]]></position>
		<setting><![CDATA[{"title":"","additional_content":"","animation":"","animation_delay":"","product_name_temp":"DVS Rivera","product_id":"384","ratio":"4","prd_template":"1","product_name":"1","product_price":"1","product_addcart":"1","characters_count":"","text_colour":"","link_colour":"","link_hover_colour":"","button_colour":"","button_hover_colour":"","button_text_colour":"","button_text_hover_colour":"","button_border_colour":"","button_border_hover_colour":"","product_rating":0,"product_description":0}]]></setting>
		<col><![CDATA[12]]></col>
		<class><![CDATA[big-item col-xs-12]]></class>
		<block_content><![CDATA[{{block class="MGS\Mpanel\Block\Products\SpecialProduct" mgs_panel_title="" mgs_panel_note="" product_id="384" ratio="4" product_name="1" product_price="1" product_rating="0" product_description="0"  prd_template="1" product_addcart="1" template="products/single/default.phtml"}}]]></block_content>
	</block>
	<block>
		<block_name><![CDATA[block125-1]]></block_name>
		<type><![CDATA[special_product]]></type>
		<position><![CDATA[1]]></position>
		<setting><![CDATA[{"title":"","additional_content":"","animation":"","animation_delay":"","product_name_temp":"Bahama 2-Eye Chuck Taylor All Star OX","product_id":"385","ratio":"4","prd_template":"1","product_name":"1","product_price":"1","product_addcart":"1","characters_count":"","text_colour":"","link_colour":"","link_hover_colour":"","button_colour":"","button_hover_colour":"","button_text_colour":"","button_text_hover_colour":"","button_border_colour":"","button_border_hover_colour":"","product_rating":0,"product_description":0}]]></setting>
		<col><![CDATA[12]]></col>
		<class><![CDATA[col-xs-12]]></class>
		<block_content><![CDATA[{{block class="MGS\Mpanel\Block\Products\SpecialProduct" mgs_panel_title="" mgs_panel_note="" product_id="385" ratio="4" product_name="1" product_price="1" product_rating="0" product_description="0"  prd_template="1" product_addcart="1" template="products/single/default.phtml"}}]]></block_content>
	</block>
	<block>
		<block_name><![CDATA[block125-1]]></block_name>
		<type><![CDATA[special_product]]></type>
		<position><![CDATA[2]]></position>
		<setting><![CDATA[{"title":"","additional_content":"","animation":"","animation_delay":"","product_name_temp":"DVS Gavin CT","product_id":"388","ratio":"4","prd_template":"1","product_name":"1","product_price":"1","product_addcart":"1","characters_count":"","text_colour":"","link_colour":"","link_hover_colour":"","button_colour":"","button_hover_colour":"","button_text_colour":"","button_text_hover_colour":"","button_border_colour":"","button_border_hover_colour":"","product_rating":0,"product_description":0}]]></setting>
		<col><![CDATA[12]]></col>
		<class><![CDATA[col-xs-12]]></class>
		<block_content><![CDATA[{{block class="MGS\Mpanel\Block\Products\SpecialProduct" mgs_panel_title="" mgs_panel_note="" product_id="388" ratio="4" product_name="1" product_price="1" product_rating="0" product_description="0"  prd_template="1" product_addcart="1" template="products/single/default.phtml"}}]]></block_content>
	</block>
	<block>
		<block_name><![CDATA[block126-0]]></block_name>
		<type><![CDATA[special_product]]></type>
		<position><![CDATA[1]]></position>
		<setting><![CDATA[{"title":"","additional_content":"","animation":"","animation_delay":"","product_name_temp":"Ylati Footwear Y002","product_id":"391","ratio":"4","prd_template":"1","product_name":"1","product_price":"1","product_addcart":"1","characters_count":"","text_colour":"","link_colour":"","link_hover_colour":"","button_colour":"","button_hover_colour":"","button_text_colour":"","button_text_hover_colour":"","button_border_colour":"","button_border_hover_colour":"","product_rating":0,"product_description":0}]]></setting>
		<col><![CDATA[12]]></col>
		<class><![CDATA[col-xs-12]]></class>
		<block_content><![CDATA[{{block class="MGS\Mpanel\Block\Products\SpecialProduct" mgs_panel_title="" mgs_panel_note="" product_id="391" ratio="4" product_name="1" product_price="1" product_rating="0" product_description="0"  prd_template="1" product_addcart="1" template="products/single/default.phtml"}}]]></block_content>
	</block>
	<block>
		<block_name><![CDATA[block126-0]]></block_name>
		<type><![CDATA[special_product]]></type>
		<position><![CDATA[2]]></position>
		<setting><![CDATA[{"title":"","additional_content":"","animation":"","animation_delay":"","product_name_temp":"Nike Eastham","product_id":"393","ratio":"4","prd_template":"1","product_name":"1","product_price":"1","product_addcart":"1","characters_count":"","text_colour":"","link_colour":"","link_hover_colour":"","button_colour":"","button_hover_colour":"","button_text_colour":"","button_text_hover_colour":"","button_border_colour":"","button_border_hover_colour":"","product_rating":0,"product_description":0}]]></setting>
		<col><![CDATA[12]]></col>
		<class><![CDATA[col-xs-12]]></class>
		<block_content><![CDATA[{{block class="MGS\Mpanel\Block\Products\SpecialProduct" mgs_panel_title="" mgs_panel_note="" product_id="393" ratio="4" product_name="1" product_price="1" product_rating="0" product_description="0"  prd_template="1" product_addcart="1" template="products/single/default.phtml"}}]]></block_content>
	</block>
	<block>
		<block_name><![CDATA[block126-1]]></block_name>
		<type><![CDATA[special_product]]></type>
		<position><![CDATA[1]]></position>
		<setting><![CDATA[{"title":"","additional_content":"","animation":"","animation_delay":"","product_name_temp":"Supra Vaider","product_id":"390","ratio":"4","prd_template":"1","product_name":"1","product_price":"1","product_addcart":"1","characters_count":"","text_colour":"","link_colour":"","link_hover_colour":"","button_colour":"","button_hover_colour":"","button_text_colour":"","button_text_hover_colour":"","button_border_colour":"","button_border_hover_colour":"","product_rating":0,"product_description":0}]]></setting>
		<col><![CDATA[12]]></col>
		<class><![CDATA[col-xs-12]]></class>
		<block_content><![CDATA[{{block class="MGS\Mpanel\Block\Products\SpecialProduct" mgs_panel_title="" mgs_panel_note="" product_id="390" ratio="4" product_name="1" product_price="1" product_rating="0" product_description="0"  prd_template="1" product_addcart="1" template="products/single/default.phtml"}}]]></block_content>
	</block>
	<block>
		<block_name><![CDATA[block126-1]]></block_name>
		<type><![CDATA[special_product]]></type>
		<position><![CDATA[2]]></position>
		<setting><![CDATA[{"title":"","additional_content":"","animation":"","animation_delay":"","product_name_temp":"Converse Deck Star 67","product_id":"392","ratio":"4","prd_template":"1","product_name":"1","product_price":"1","product_addcart":"1","characters_count":"","text_colour":"","link_colour":"","link_hover_colour":"","button_colour":"","button_hover_colour":"","button_text_colour":"","button_text_hover_colour":"","button_border_colour":"","button_border_hover_colour":"","product_rating":0,"product_description":0}]]></setting>
		<col><![CDATA[12]]></col>
		<class><![CDATA[col-xs-12]]></class>
		<block_content><![CDATA[{{block class="MGS\Mpanel\Block\Products\SpecialProduct" mgs_panel_title="" mgs_panel_note="" product_id="392" ratio="4" product_name="1" product_price="1" product_rating="0" product_description="0"  prd_template="1" product_addcart="1" template="products/single/default.phtml"}}]]></block_content>
	</block>
	<block>
		<block_name><![CDATA[block126-2]]></block_name>
		<type><![CDATA[special_product]]></type>
		<position><![CDATA[1]]></position>
		<setting><![CDATA[{"title":"","additional_content":"","animation":"","animation_delay":"","product_name_temp":"GV Special TPU Kurim","product_id":"389","ratio":"4","prd_template":"1","product_name":"1","product_price":"1","product_addcart":"1","characters_count":"","text_colour":"","link_colour":"","link_hover_colour":"","button_colour":"","button_hover_colour":"","button_text_colour":"","button_text_hover_colour":"","button_border_colour":"","button_border_hover_colour":"","product_rating":0,"product_description":0}]]></setting>
		<col><![CDATA[12]]></col>
		<class><![CDATA[big-item col-xs-12]]></class>
		<block_content><![CDATA[{{block class="MGS\Mpanel\Block\Products\SpecialProduct" mgs_panel_title="" mgs_panel_note="" product_id="389" ratio="4" product_name="1" product_price="1" product_rating="0" product_description="0"  prd_template="1" product_addcart="1" template="products/single/default.phtml"}}]]></block_content>
	</block>
	<block>
		<block_name><![CDATA[block127-0]]></block_name>
		<type><![CDATA[special_product]]></type>
		<position><![CDATA[1]]></position>
		<setting><![CDATA[{"title":"","additional_content":"","animation":"","animation_delay":"","product_name_temp":"Air Zoom Pegasus 32 Solstice","product_id":"395","ratio":"4","prd_template":"1","product_name":"1","product_price":"1","product_addcart":"1","characters_count":"","text_colour":"","link_colour":"","link_hover_colour":"","button_colour":"","button_hover_colour":"","button_text_colour":"","button_text_hover_colour":"","button_border_colour":"","button_border_hover_colour":"","product_rating":0,"product_description":0}]]></setting>
		<col><![CDATA[12]]></col>
		<class><![CDATA[col-xs-12]]></class>
		<block_content><![CDATA[{{block class="MGS\Mpanel\Block\Products\SpecialProduct" mgs_panel_title="" mgs_panel_note="" product_id="395" ratio="4" product_name="1" product_price="1" product_rating="0" product_description="0"  prd_template="1" product_addcart="1" template="products/single/default.phtml"}}]]></block_content>
	</block>
	<block>
		<block_name><![CDATA[block127-1]]></block_name>
		<type><![CDATA[special_product]]></type>
		<position><![CDATA[1]]></position>
		<setting><![CDATA[{"title":"","additional_content":"","animation":"","animation_delay":"","product_name_temp":"Lunar Caldra","product_id":"394","ratio":"4","prd_template":"1","product_name":"1","product_price":"1","product_addcart":"1","characters_count":"","text_colour":"","link_colour":"","link_hover_colour":"","button_colour":"","button_hover_colour":"","button_text_colour":"","button_text_hover_colour":"","button_border_colour":"","button_border_hover_colour":"","product_rating":0,"product_description":0}]]></setting>
		<col><![CDATA[12]]></col>
		<class><![CDATA[col-xs-12]]></class>
		<block_content><![CDATA[{{block class="MGS\Mpanel\Block\Products\SpecialProduct" mgs_panel_title="" mgs_panel_note="" product_id="394" ratio="4" product_name="1" product_price="1" product_rating="0" product_description="0"  prd_template="1" product_addcart="1" template="products/single/default.phtml"}}]]></block_content>
	</block>
	<block>
		<block_name><![CDATA[block127-2]]></block_name>
		<type><![CDATA[special_product]]></type>
		<position><![CDATA[1]]></position>
		<setting><![CDATA[{"title":"","additional_content":"","animation":"","animation_delay":"","product_name_temp":"Tubular Radial","product_id":"397","ratio":"4","prd_template":"1","product_name":"1","product_price":"1","product_addcart":"1","characters_count":"","text_colour":"","link_colour":"","link_hover_colour":"","button_colour":"","button_hover_colour":"","button_text_colour":"","button_text_hover_colour":"","button_border_colour":"","button_border_hover_colour":"","product_rating":0,"product_description":0}]]></setting>
		<col><![CDATA[12]]></col>
		<class><![CDATA[col-xs-12]]></class>
		<block_content><![CDATA[{{block class="MGS\Mpanel\Block\Products\SpecialProduct" mgs_panel_title="" mgs_panel_note="" product_id="397" ratio="4" product_name="1" product_price="1" product_rating="0" product_description="0"  prd_template="1" product_addcart="1" template="products/single/default.phtml"}}]]></block_content>
	</block>
	<block>
		<block_name><![CDATA[block127-3]]></block_name>
		<type><![CDATA[special_product]]></type>
		<position><![CDATA[1]]></position>
		<setting><![CDATA[{"title":"","additional_content":"","animation":"","animation_delay":"","product_name_temp":"UA Micro G Assert 6","product_id":"396","ratio":"4","prd_template":"1","product_name":"1","product_price":"1","product_addcart":"1","characters_count":"","text_colour":"","link_colour":"","link_hover_colour":"","button_colour":"","button_hover_colour":"","button_text_colour":"","button_text_hover_colour":"","button_border_colour":"","button_border_hover_colour":"","product_rating":0,"product_description":0}]]></setting>
		<col><![CDATA[12]]></col>
		<class><![CDATA[col-xs-12]]></class>
		<block_content><![CDATA[{{block class="MGS\Mpanel\Block\Products\SpecialProduct" mgs_panel_title="" mgs_panel_note="" product_id="396" ratio="4" product_name="1" product_price="1" product_rating="0" product_description="0"  prd_template="1" product_addcart="1" template="products/single/default.phtml"}}]]></block_content>
	</block>
	<block>
		<block_name><![CDATA[block122-0]]></block_name>
		<type><![CDATA[owl_banner]]></type>
		<position><![CDATA[1]]></position>
		<setting><![CDATA[{"block_link":"","animation":"","animation_delay":"","removeimg":["","","","","","","","","","","","","","","","","","","","","","",""],"html_slider":"<div data-text-position=\"middle_left\" data-text-animate=\"slideInLeft\" class=\"item slideInLeft\"><a style=\"background-image:url(http:\/\/themes.magesolution.com\/claue\/m2\/pub\/media\/wysiwyg\/slider\/slider_shoes_1_.jpg)\" class=\"item-image\" href=\"\"><img class=\"img-responsive\" src=\"http:\/\/themes.magesolution.com\/claue\/m2\/pub\/media\/wysiwyg\/slider\/slider_shoes_1_.jpg\" alt=\"\"><\/a><div class=\"slide-text middle_left\"><div class=\"inner-text\"><div class=\"text-colour-white\">\r\n<h5 class=\"sub-title text-colour-white\">Spring - Summer 2020<\/h5>\r\n<h2 class=\"text-colour-white big-text\">BEST OF COLLECTION<\/h2>\r\n<p>Duis aute irure dolor in reprehenderit in voluptate velit essecillum dolore \r\neu fugiat nulla pariatur. Excepteur sint occaecat cupidatat nonproident<\/p>\r\n<a href=\"#\" class=\"btn btn-default\">Shop now<\/a>\r\n<\/div><\/div><\/div><\/div><div data-text-position=\"middle_left\" data-text-animate=\"slideInLeft\" class=\"item slideInLeft\"><a style=\"background-image:url(http:\/\/themes.magesolution.com\/claue\/m2\/pub\/media\/wysiwyg\/slider\/slider_shoes_2_.jpg)\" class=\"item-image\" href=\"\"><img class=\"img-responsive\" src=\"http:\/\/themes.magesolution.com\/claue\/m2\/pub\/media\/wysiwyg\/slider\/slider_shoes_2_.jpg\" alt=\"\"><\/a><div class=\"slide-text middle_left\"><div class=\"inner-text\"><div class=\"text-colour-white\">\r\n<h5 class=\"sub-title text-colour-white\">Spring - Summer 2020<\/h5>\r\n<h2 class=\"text-colour-white big-text\">BEST OF COLLECTION<\/h2>\r\n<p>Duis aute irure dolor in reprehenderit in voluptate velit essecillum dolore \r\neu fugiat nulla pariatur. Excepteur sint occaecat cupidatat nonproident<\/p>\r\n<a href=\"#\" class=\"btn btn-default\">Shop now<\/a>\r\n<\/div><\/div><\/div><\/div>","fullheight":"1","offset":"","effect":"1","speed":"","navtemple":"1","loop":"1","fullscreen":0,"autoplay":0,"stop_auto":0,"navigation":0,"pagination":0}]]></setting>
		<col><![CDATA[12]]></col>
		<class><![CDATA[no-padding]]></class>
		<block_content><![CDATA[{{block class="MGS\Mpanel\Block\Widget\OwlCarousel" fullscreen="0" autoplay="0" stop_auto="0" navigation="0" offset="" fullheight="1" pagination="0" loop="1" speed="" html_slider="&lt;div data-text-position=&quot;middle_left&quot; data-text-animate=&quot;slideInLeft&quot; class=&quot;item slideInLeft&quot;&gt;&lt;a style=&quot;background-image:url(http:\/\/themes.magesolution.com\/claue\/m2\/pub/media/wysiwyg/slider/slider_shoes_1_.jpg)&quot; class=&quot;item-image&quot; href=&quot;&quot;&gt;&lt;img class=&quot;img-responsive&quot; src=&quot;pub/media/wysiwyg/slider/slider_shoes_1_.jpg&quot; alt=&quot;&quot;&gt;&lt;/a&gt;&lt;div class=&quot;slide-text middle_left&quot;&gt;&lt;div class=&quot;inner-text&quot;&gt;&lt;div class=&quot;text-colour-white&quot;&gt;
&lt;h5 class=&quot;sub-title text-colour-white&quot;&gt;Spring - Summer 2020&lt;/h5&gt;
&lt;h2 class=&quot;text-colour-white big-text&quot;&gt;BEST OF COLLECTION&lt;/h2&gt;
&lt;p&gt;Duis aute irure dolor in reprehenderit in voluptate velit essecillum dolore 
eu fugiat nulla pariatur. Excepteur sint occaecat cupidatat nonproident&lt;/p&gt;
&lt;a href=&quot;#&quot; class=&quot;btn btn-default&quot;&gt;Shop now&lt;/a&gt;
&lt;/div&gt;&lt;/div&gt;&lt;/div&gt;&lt;/div&gt;&lt;div data-text-position=&quot;middle_left&quot; data-text-animate=&quot;slideInLeft&quot; class=&quot;item slideInLeft&quot;&gt;&lt;a style=&quot;background-image:url(http:\/\/themes.magesolution.com\/claue\/m2\/pub/media/wysiwyg/slider/slider_shoes_2_.jpg)&quot; class=&quot;item-image&quot; href=&quot;&quot;&gt;&lt;img class=&quot;img-responsive&quot; src=&quot;pub/media/wysiwyg/slider/slider_shoes_2_.jpg&quot; alt=&quot;&quot;&gt;&lt;/a&gt;&lt;div class=&quot;slide-text middle_left&quot;&gt;&lt;div class=&quot;inner-text&quot;&gt;&lt;div class=&quot;text-colour-white&quot;&gt;
&lt;h5 class=&quot;sub-title text-colour-white&quot;&gt;Spring - Summer 2020&lt;/h5&gt;
&lt;h2 class=&quot;text-colour-white big-text&quot;&gt;BEST OF COLLECTION&lt;/h2&gt;
&lt;p&gt;Duis aute irure dolor in reprehenderit in voluptate velit essecillum dolore 
eu fugiat nulla pariatur. Excepteur sint occaecat cupidatat nonproident&lt;/p&gt;
&lt;a href=&quot;#&quot; class=&quot;btn btn-default&quot;&gt;Shop now&lt;/a&gt;
&lt;/div&gt;&lt;/div&gt;&lt;/div&gt;&lt;/div&gt;" navtemple="1" effect="1" template="widget/owl_slider.phtml"}}]]></block_content>
	</block>
	<promo_banner>
		<item>
			<title><![CDATA[Claue Shoes Banner 1]]></title>
			<filename><![CDATA[/c/l/claue_shoes_banner_1.jpg]]></filename>
			<url><![CDATA[]]></url>
			<button><![CDATA[]]></button>
			<text_align><![CDATA[bottom-left]]></text_align>
			<content><![CDATA[<div class="padding-left15 padding-bottom30"><h3 class="fwm margin-bottom10 ls__1 lh__1" style="font-size:14px; color:#222222;">GET UP TO 50% OFF</h3>
<h4 class="margin-bottom10" style="font-size:35px; line-height:36px; color:#222222;">LOOKBOOK 2016</h4>
<p>your world of fashion in numbers</p></div>]]></content>
			<effect><![CDATA[zoom]]></effect>
			<custom_class><![CDATA[]]></custom_class>
			<status><![CDATA[1]]></status>
			<identifier><![CDATA[claue_shoes_banner_1]]></identifier>
		</item>
		<item>
			<title><![CDATA[Claue Shoes Banner 2]]></title>
			<filename><![CDATA[/c/l/claue_shoes_banner_2.jpg]]></filename>
			<url><![CDATA[http://claue.magesolution.com/m2/couple/shoes.html]]></url>
			<button><![CDATA[]]></button>
			<text_align><![CDATA[bottom-center]]></text_align>
			<content><![CDATA[<div class="text-center padding-bottom30"><h3 class="fwm margin-bottom10 ls__1 lh__1" style="font-size:18px; color:#222222;">LAMP COLLECTIONS</h3>
<h4 class="margin-bottom10 nowrap" style="font-size:50px; line-height:50px; color:#222222;">UP TO 70%</h4>
<div><button class="btn btn-default" onclick="setLocation('http://m3.magesolution.com/claue/women.html')" style="font-size:14px;">Shop Now</button></div></div>]]></content>
			<effect><![CDATA[zoom]]></effect>
			<custom_class><![CDATA[]]></custom_class>
			<status><![CDATA[1]]></status>
			<identifier><![CDATA[claue_shoes_banner_2]]></identifier>
		</item>
	</promo_banner>
	<theme_setting>
		<general>
			<footer>footer_4</footer>
			<header>header_6</header>
			<layout>wide</layout>
		</general>
		<custom_style>
			<style>.big-item .products-grid .product-item-info.metro_template .product-top a.photo { padding-top: calc(133.3333% - 10px) !important; }
.products-grid .big-item .product-item-info.metro_template .product-top a.photo { padding-bottom: calc(133.3333% - 10px) !important; }@media (min-width: 1200px){.cms-index-index .header.header8 .vertical-menu-widget .vertical-menu{padding-bottom: 60px;}}.header.header9 .vertical-menu-widget .vertical-menu {padding-bottom: 31px;}
.boxed .breadcrumbs ul.items{margin-left:15px}
.header.header6 .top-header-content {
	border-bottom: 1px solid rgba(255,255,255,0.3) !important;
}
.header.header6 .action.nav-toggle img {
	filter: brightness(0) invert(1);
	-webkit-filter: brightness(0) invert(1);
}
@media (min-width: 768px){
	.cms-index-index .header.header6:not(.active-sticky) {
		position: absolute;
		top: 0;
		left: 0;
		right: 0;
		z-index: 10;
		background-color: transparent !important;
		border-bottom: 1px solid rgba(255,255,255,0.3) !important;
	}
}
.mgs-quickview-catalog-product-view .product-detail-infomation.col-xs-12 {
    height: auto !important;
}
.page-wrapper{position:relative}
.slide-text .big-text,.slide-text h2 {
    font-size: 50px;
    font-weight: 700;
}</style>
		</custom_style>
	</theme_setting>
	<color_setting>
		<header>
			<background_color>transparent</background_color>
			<cart_icon>#FFFFFF</cart_icon>
			<cart_icon_hover>#56cfe1</cart_icon_hover>
			<cart_number>#000000</cart_number>
			<cart_number_background>#FFFFFF</cart_number_background>
			<header_background_color>#000000</header_background_color>
			<header_border_color>#000000</header_border_color>
			<header_custom>1</header_custom>
		</header>
	</color_setting>

</home>