<?xml version="1.0"?>
<config xmlns:xsi="http://www.w3.org/2001/XMLSchema-instance" xsi:noNamespaceSchemaLocation="urn:magento:framework:Acl/etc/acl.xsd">
    <acl>
        <resources>
            <resource id="Magento_Backend::admin">
                <resource id="Magento_Backend::stores">
                    <resource id="Magento_Backend::stores_settings">
                        <resource id="Magento_Config::config">
							<resource id="MGS_Mpanel::mpanel">
								<resource id="MGS_ThemeSettings::themesettings" title="MGS Theme Settings" />
								<resource id="MGS_ThemeSettings::themestyle" title="MGS Theme Style" />
								<resource id="MGS_ThemeSettings::fcolor" title="MGS Color Settings" />
							</resource>
                        </resource>
                    </resource>
                </resource>
            </resource>
        </resources>
    </acl>
</config>
