<?xml version="1.0"?>

<view xmlns:xsi="http://www.w3.org/2001/XMLSchema-instance" xsi:noNamespaceSchemaLocation="urn:magento:framework:Config/etc/view.xsd">
    <media>
		<images module="Magento_Catalog">
			<image id="amp_category_page_grid" type="image">
		        <width>400</width>
		        <height>533</height>
		    </image>
		    <image id="product_page_image_small" type="image">
		        <width>80</width>
		        <height>95</height>
		    </image>
		    <image id="product_page_image_medium" type="image">
		        <width>600</width> <!-- Image width in px -->
		        <height>800</height> <!-- Image height in px -->
		    </image>
		    <image id="ampproduct_page_image_large" type="image">
		        <width>800</width> <!-- Image width in px -->
		        <height>1000</height> <!-- Image height in px -->
		    </image>
		</images>
    </media>
</view>