<?xml version="1.0" encoding="UTF-8"?>
<!--
/**
 * module
 *
 * @copyright Copyright © 2020 magesolution. All rights reserved.
 * @author    @copyright Copyright (c) 2014 magesolution (<https://www.magesolution.com>)
 * @license <https://www.magesolution.com/license-agreement.html>
 * @Author: ndthien0912<ndthien0912@gmail.com>
 * @github: <https://github.com/magesolution>
 */
-->
<config xmlns:xsi="http://www.w3.org/2001/XMLSchema-instance" xsi:noNamespaceSchemaLocation="urn:magento:framework:Module/etc/module.xsd">
    <module name="MGS_OSCheckout" setup_version="1.0.0">
        <sequence>
            <module name="Magento_Checkout"/>
            <module name="Magento_Customer"/>
            <module name="Magento_Sales"/>
            <module name="Magento_Catalog"/>
        </sequence>
    </module>
</config>
