<?xml version="1.0" encoding="UTF-8"?>
<!--
/**
 * webapi
 *
 * @copyright Copyright © 2020 magesolution. All rights reserved.
 * @author    @copyright Copyright (c) 2014 magesolution (<https://www.magesolution.com>)
 * @license <https://www.magesolution.com/license-agreement.html>
 * @Author: ndthien0912<ndthien0912@gmail.com>
 * @github: <https://github.com/magesolution>
 */
-->

<routes xmlns:xsi="http://www.w3.org/2001/XMLSchema-instance" xsi:noNamespaceSchemaLocation="urn:magento:module:Magento_Webapi:etc/webapi.xsd">
    <route url="/V1/guest-carts/:cartId/update-item" method="POST">
        <service class="MGS\OSCheckout\Api\GuestCheckoutManagementInterface" method="updateItemQty"/>
        <resources>
            <resource ref="anonymous"/>
        </resources>
    </route>
    <route url="/V1/carts/mine/update-item" method="POST">
        <service class="MGS\OSCheckout\Api\CheckoutManagementInterface" method="updateItemQty"/>
        <resources>
            <resource ref="self"/>
        </resources>
        <data>
            <parameter name="cartId" force="true">%cart_id%</parameter>
        </data>
    </route>
    <route url="/V1/guest-carts/:cartId/remove-item" method="POST">
        <service class="MGS\OSCheckout\Api\GuestCheckoutManagementInterface" method="removeItemById"/>
        <resources>
            <resource ref="anonymous"/>
        </resources>
    </route>
    <route url="/V1/carts/mine/remove-item" method="POST">
        <service class="MGS\OSCheckout\Api\CheckoutManagementInterface" method="removeItemById"/>
        <resources>
            <resource ref="self"/>
        </resources>
        <data>
            <parameter name="cartId" force="true">%cart_id%</parameter>
        </data>
    </route>
    <route url="/V1/guest-carts/:cartId/payment-total-information" method="POST">
        <service class="MGS\OSCheckout\Api\GuestCheckoutManagementInterface" method="getPaymentTotalInformation"/>
        <resources>
            <resource ref="anonymous"/>
        </resources>
    </route>
    <route url="/V1/carts/mine/payment-total-information" method="POST">
        <service class="MGS\OSCheckout\Api\CheckoutManagementInterface" method="getPaymentTotalInformation"/>
        <resources>
            <resource ref="self"/>
        </resources>
        <data>
            <parameter name="cartId" force="true">%cart_id%</parameter>
        </data>
    </route>
    <route url="/V1/guest-carts/:cartId/checkout-information" method="POST">
        <service class="MGS\OSCheckout\Api\GuestCheckoutManagementInterface" method="saveCheckoutInformation"/>
        <resources>
            <resource ref="anonymous"/>
        </resources>
    </route>
    <route url="/V1/carts/mine/checkout-information" method="POST">
        <service class="MGS\OSCheckout\Api\CheckoutManagementInterface" method="saveCheckoutInformation"/>
        <resources>
            <resource ref="self"/>
        </resources>
        <data>
            <parameter name="cartId" force="true">%cart_id%</parameter>
        </data>
    </route>
    <route url="/V1/guest-carts/:cartId/save-email-to-quote" method="POST">
        <service class="MGS\OSCheckout\Api\GuestCheckoutManagementInterface" method="saveEmailToQuote"/>
        <resources>
            <resource ref="anonymous"/>
        </resources>
    </route>
    <route url="/V1/guest-carts/:cartId/isEmailAvailable" method="POST">
        <service class="MGS\OSCheckout\Api\GuestCheckoutManagementInterface" method="isEmailAvailable"/>
        <resources>
            <resource ref="anonymous"/>
        </resources>
    </route>
</routes>
