<?xml version="1.0"?>
<config xmlns:xsi="http://www.w3.org/2001/XMLSchema-instance" xsi:noNamespaceSchemaLocation="urn:magento:framework:Acl/etc/acl.xsd">
   <acl>
       <resources>
           <resource id="Magento_Backend::admin">
               <resource id="Addify_Extensions::addifyextensions" title="Addify Extensions" sortOrder="51">
                   <resource id="Addify_RestrictOrderByCustomer::restrictorderbycustomerparent" title="Restrict Order By Customer" sortOrder="10" translate="title">
                       <resource id="Addify_RestrictOrderByCustomer::managerestrictorderbycustomer" title="Manage Restrict Order By Customer" sortOrder="10" />
                       <resource id="Addify_RestrictOrderByCustomer::restrictorderbycustomer_configuration" title="Configuration" sortOrder="20" translate="title" />
                   </resource>
               </resource>
               <resource id="Magento_Backend::stores">
                   <resource id="Magento_Backend::stores_settings">
                       <resource id="Magento_Config::config">
                           <resource id="Addify_RestrictOrderByCustomer::restrictorderbycustomer_config" title="Addify Restrict Order By Customer configuration" sortOrder="100" />
                       </resource>
                   </resource>
               </resource>
           </resource>
       </resources>
   </acl>
</config>