<?xml version="1.0"?>
<!--
/**
 * Copyright © 2015 Magento. All rights reserved.
 * See COPYING.txt for license details.
 */
-->
<config xmlns:xsi="http://www.w3.org/2001/XMLSchema-instance" xsi:noNamespaceSchemaLocation="urn:magento:framework:ObjectManager/etc/config.xsd">
	<preference for="Magento\Catalog\Helper\Image" type="MGS\ThemeSettings\Helper\Image" />
    <preference for="Magento\Swatches\Helper\Data" type="MGS\ThemeSettings\Helper\Swatches\Data" />
    <preference for="Magento\Catalog\Model\ResourceModel\Category" type="MGS\ThemeSettings\Model\ResourceModel\Category" />
    <preference for="Magento\Checkout\Block\Cart\Crosssell" type="MGS\ThemeSettings\Block\Cart\Crosssell" />
	<preference for="MGS\Fbuilder\Block\Page\Head" type="MGS\ThemeSettings\Block\Page\Head" />
	<type name="Magento\Framework\Controller\ResultInterface">
        <plugin name="compress-render-result-interface-after" type="MGS\ThemeSettings\Plugin\ResultInterfaceAfter" sortOrder="10"/>
    </type>
</config>